episode,timesteps,reward,success,outcome,steps,wall_time_s
1,32,0.0,0,hole,32,0.002091
2,77,0.0,0,hole,45,0.003157
3,128,0.0,0,hole,51,0.009014
4,181,0.0,0,hole,53,0.019867
5,238,0.0,0,hole,57,0.032209
6,274,0.0,0,hole,36,0.03878
7,365,0.0,0,hole,91,0.055982
8,449,0.0,0,hole,84,0.071862
9,484,0.0,0,hole,35,0.07841
10,523,1.0,1,success,39,0.08676
11,546,0.0,0,hole,23,0.091231
12,570,0.0,0,hole,24,0.096412
13,585,0.0,0,hole,15,0.09929
14,607,0.0,0,hole,22,0.103513
15,614,0.0,0,hole,7,0.10489
16,631,0.0,0,hole,17,0.10805
17,637,0.0,0,hole,6,0.109554
18,645,0.0,0,hole,8,0.110937
19,670,0.0,0,hole,25,0.115846
20,727,0.0,0,hole,57,0.126646
21,765,0.0,0,hole,38,0.134294
22,885,0.0,0,hole,120,0.156484
23,924,0.0,0,hole,39,0.164144
24,931,0.0,0,hole,7,0.165657
25,964,0.0,0,hole,33,0.172114
26,997,0.0,0,hole,33,0.179535
27,1084,0.0,0,hole,87,0.196788
28,1116,0.0,0,hole,32,0.203121
29,1209,0.0,0,hole,93,0.22186
30,1300,0.0,0,hole,91,0.238066
31,1315,0.0,0,hole,15,0.241392
32,1369,0.0,0,hole,54,0.251685
33,1402,0.0,0,hole,33,0.258151
34,1421,0.0,0,hole,19,0.262862
35,1430,0.0,0,hole,9,0.264428
36,1439,0.0,0,hole,9,0.265938
37,1479,0.0,0,hole,40,0.273604
38,1527,0.0,0,hole,48,0.284519
39,1570,0.0,0,hole,43,0.292798
40,1591,0.0,0,hole,21,0.296634
41,1624,0.0,0,hole,33,0.30307
42,1665,0.0,0,hole,41,0.311612
43,1691,0.0,0,hole,26,0.316085
44,1716,0.0,0,hole,25,0.320692
45,1764,0.0,0,hole,48,0.330358
46,1782,0.0,0,hole,18,0.334276
47,1804,0.0,0,hole,22,0.338315
48,1936,0.0,0,hole,132,0.363328
49,1957,0.0,0,hole,21,0.367702
50,1971,0.0,0,hole,14,0.369844
51,2005,0.0,0,hole,34,0.377053
52,2013,0.0,0,hole,8,0.378792
53,2026,0.0,0,hole,13,0.381322
54,2038,0.0,0,hole,12,0.383583
55,2068,0.0,0,hole,30,0.388969
56,2091,0.0,0,hole,23,0.393661
57,2099,0.0,0,hole,8,0.395791
58,2113,0.0,0,hole,14,0.399144
59,2178,0.0,0,hole,65,0.411164
60,2196,0.0,0,hole,18,0.415108
61,2212,0.0,0,hole,16,0.419195
62,2233,0.0,0,hole,21,0.423699
63,2248,0.0,0,hole,15,0.426201
64,2281,0.0,0,hole,33,0.434124
65,2330,0.0,0,hole,49,0.443277
66,2336,0.0,0,hole,6,0.444052
67,2380,0.0,0,hole,44,0.452488
68,2395,0.0,0,hole,15,0.455326
69,2421,0.0,0,hole,26,0.461075
70,2435,0.0,0,hole,14,0.463812
71,2490,0.0,0,hole,55,0.474142
72,2530,0.0,0,hole,40,0.483036
73,2556,0.0,0,hole,26,0.488096
74,2581,0.0,0,hole,25,0.493419
75,2633,0.0,0,hole,52,0.504014
76,2652,0.0,0,hole,19,0.507215
77,2691,0.0,0,hole,39,0.514981
78,2719,0.0,0,hole,28,0.520504
79,2781,0.0,0,hole,62,0.532246
80,2796,0.0,0,hole,15,0.534652
81,2821,0.0,0,hole,25,0.540031
82,2835,0.0,0,hole,14,0.542737
83,2841,0.0,0,hole,6,0.544115
84,2888,0.0,0,hole,47,0.552918
85,2917,0.0,0,hole,29,0.559083
86,2929,0.0,0,hole,12,0.561623
87,2979,0.0,0,hole,50,0.57142
88,2997,0.0,0,hole,18,0.575078
89,3046,0.0,0,hole,49,0.584891
90,3098,0.0,0,hole,52,0.594323
91,3141,0.0,0,hole,43,0.603477
92,3153,0.0,0,hole,12,0.605733
93,3180,0.0,0,hole,27,0.610983
94,3213,0.0,0,hole,33,0.618582
95,3258,0.0,0,hole,45,0.626662
96,3273,0.0,0,hole,15,0.629862
97,3297,0.0,0,hole,24,0.635018
98,3342,0.0,0,hole,45,0.643365
99,3353,0.0,0,hole,11,0.645983
100,3387,0.0,0,hole,34,0.652347
101,3397,0.0,0,hole,10,0.654857
102,3416,0.0,0,hole,19,0.658373
103,3478,0.0,0,hole,62,0.671111
104,3506,0.0,0,hole,28,0.677167
105,3518,0.0,0,hole,12,0.679928
106,3549,0.0,0,hole,31,0.686301
107,3559,0.0,0,hole,10,0.688031
108,3573,0.0,0,hole,14,0.691102
109,3602,0.0,0,hole,29,0.697219
110,3612,0.0,0,hole,10,0.698911
111,3630,0.0,0,hole,18,0.702601
112,3638,0.0,0,hole,8,0.704133
113,3689,0.0,0,hole,51,0.715064
114,3739,0.0,0,hole,50,0.724854
115,3750,0.0,0,hole,11,0.727307
116,3800,0.0,0,hole,50,0.737303
117,3840,0.0,0,hole,40,0.745868
118,3848,0.0,0,hole,8,0.747413
119,3858,0.0,0,hole,10,0.749507
120,3863,0.0,0,hole,5,0.75038
121,3890,0.0,0,hole,27,0.756007
122,3920,0.0,0,hole,30,0.762474
123,3967,0.0,0,hole,47,0.771692
124,3987,0.0,0,hole,20,0.775593
125,4009,0.0,0,hole,22,0.780899
126,4055,0.0,0,hole,46,0.78952
127,4075,0.0,0,hole,20,0.793372
128,4128,0.0,0,hole,53,0.803695
129,4143,0.0,0,hole,15,0.806826
130,4180,0.0,0,hole,37,0.814596
131,4191,0.0,0,hole,11,0.816941
132,4195,0.0,0,hole,4,0.817802
133,4204,0.0,0,hole,9,0.819995
134,4236,0.0,0,hole,32,0.826093
135,4278,0.0,0,hole,42,0.835971
136,4284,0.0,0,hole,6,0.836943
137,4351,0.0,0,hole,67,0.85086
138,4446,0.0,0,hole,95,0.869756
139,4481,0.0,0,hole,35,0.876343
140,4508,0.0,0,hole,27,0.881656
141,4571,0.0,0,hole,63,0.894953
142,4585,0.0,0,hole,14,0.898195
143,4622,0.0,0,hole,37,0.90564
144,4638,0.0,0,hole,16,0.908538
145,4710,0.0,0,hole,72,0.922989
146,4740,0.0,0,hole,30,0.928716
147,4751,0.0,0,hole,11,0.931056
148,4798,0.0,0,hole,47,0.939895
149,4847,0.0,0,hole,49,0.949417
150,4876,0.0,0,hole,29,0.95522
151,4893,0.0,0,hole,17,0.958605
152,4921,0.0,0,hole,28,0.964435
153,4930,0.0,0,hole,9,0.966261
154,4969,0.0,0,hole,39,0.974103
155,4978,0.0,0,hole,9,0.975795
156,5022,0.0,0,hole,44,0.985339
157,5048,0.0,0,hole,26,0.99016
158,5064,0.0,0,hole,16,0.993286
159,5148,0.0,0,hole,84,1.009721
160,5254,0.0,0,hole,106,1.031487
161,5292,0.0,0,hole,38,1.038908
162,5319,0.0,0,hole,27,1.044665
163,5337,0.0,0,hole,18,1.048656
164,5354,0.0,0,hole,17,1.051753
165,5534,0.0,0,hole,180,1.088802
166,5551,0.0,0,hole,17,1.092141
167,5573,0.0,0,hole,22,1.096844
168,5697,0.0,0,hole,124,1.121053
169,5752,0.0,0,hole,55,1.131735
170,5764,0.0,0,hole,12,1.134096
171,5815,0.0,0,hole,51,1.14397
172,5854,0.0,0,hole,39,1.151888
173,5923,0.0,0,hole,69,1.165967
174,6003,0.0,0,hole,80,1.181773
175,6051,0.0,0,hole,48,1.191325
176,6144,0.0,0,hole,93,1.209509
177,6210,1.0,1,success,66,1.223683
178,6259,0.0,0,hole,49,1.232849
179,6313,0.0,0,hole,54,1.24483
180,6334,0.0,0,hole,21,1.24865
181,6403,0.0,0,hole,69,1.262468
182,6411,0.0,0,hole,8,1.264159
183,6446,0.0,0,hole,35,1.271027
184,6509,0.0,0,hole,63,1.283574
185,6568,0.0,0,hole,59,1.343684
186,6650,0.0,0,hole,82,1.37129
187,6737,0.0,0,hole,87,1.388789
188,6824,0.0,0,hole,87,1.404868
189,6851,0.0,0,hole,27,1.410544
190,6891,0.0,0,hole,40,1.419105
191,6901,0.0,0,hole,10,1.421634
192,6934,0.0,0,hole,33,1.42843
193,6992,0.0,0,hole,58,1.439625
194,7013,0.0,0,hole,21,1.44483
195,7072,0.0,0,hole,59,1.456182
196,7078,0.0,0,hole,6,1.457514
197,7085,0.0,0,hole,7,1.459126
198,7116,0.0,0,hole,31,1.465857
199,7145,0.0,0,hole,29,1.471749
200,7166,0.0,0,hole,21,1.47584
201,7181,0.0,0,hole,15,1.479386
202,7222,0.0,0,hole,41,1.488224
203,7238,0.0,0,hole,16,1.492345
204,7261,0.0,0,hole,23,1.497657
205,7319,0.0,0,hole,58,1.509242
206,7376,0.0,0,hole,57,1.520871
207,7386,0.0,0,hole,10,1.522909
208,7440,0.0,0,hole,54,1.534383
209,7506,1.0,1,success,66,1.548753
210,7559,1.0,1,success,53,1.558564
211,7566,0.0,0,hole,7,1.559947
212,7679,1.0,1,success,113,1.582285
213,7730,0.0,0,hole,51,1.592707
214,7739,0.0,0,hole,9,1.594373
215,7765,0.0,0,hole,26,1.599874
216,7843,1.0,1,success,78,1.615567
217,7898,0.0,0,hole,55,1.626526
218,7917,0.0,0,hole,19,1.631185
219,7957,0.0,0,hole,40,1.639746
220,8157,0.0,0,timeout,200,1.680442
221,8184,0.0,0,hole,27,1.685755
222,8250,0.0,0,hole,66,1.700056
223,8287,0.0,0,hole,37,1.707058
224,8317,0.0,0,hole,30,1.713513
225,8329,0.0,0,hole,12,1.715894
226,8337,0.0,0,hole,8,1.717357
227,8373,0.0,0,hole,36,1.724762
228,8386,0.0,0,hole,13,1.728287
229,8511,0.0,0,hole,125,1.755419
230,8526,0.0,0,hole,15,1.758623
231,8621,0.0,0,hole,95,1.778655
232,8653,0.0,0,hole,32,1.78517
233,8670,0.0,0,hole,17,1.788927
234,8690,0.0,0,hole,20,1.793205
235,8708,0.0,0,hole,18,1.797357
236,8730,0.0,0,hole,22,1.80199
237,8742,0.0,0,hole,12,1.804588
238,8795,0.0,0,hole,53,1.815687
239,8885,0.0,0,hole,90,1.834639
240,8948,0.0,0,hole,63,1.847363
241,8995,0.0,0,hole,47,1.857603
242,9032,0.0,0,hole,37,1.865723
243,9132,0.0,0,hole,100,1.886031
244,9201,0.0,0,hole,69,1.901224
245,9224,0.0,0,hole,23,1.905756
246,9273,1.0,1,success,49,1.916855
247,9473,0.0,0,timeout,200,1.957788
248,9534,0.0,0,hole,61,1.970352
249,9547,0.0,0,hole,13,1.972793
250,9577,0.0,0,hole,30,1.979182
251,9631,0.0,0,hole,54,1.990021
252,9676,0.0,0,hole,45,1.9989
253,9763,0.0,0,hole,87,2.017403
254,9823,0.0,0,hole,60,2.030438
255,9911,0.0,0,hole,88,2.049143
256,9940,0.0,0,hole,29,2.055038
257,9958,0.0,0,hole,18,2.059089
258,10045,0.0,0,hole,87,2.076643
259,10079,0.0,0,hole,34,2.083677
260,10105,0.0,0,hole,26,2.089277
261,10121,0.0,0,hole,16,2.092794
262,10269,0.0,0,hole,148,2.124267
263,10314,0.0,0,hole,45,2.134125
264,10485,0.0,0,hole,171,2.169295
265,10620,0.0,0,hole,135,2.198328
266,10644,0.0,0,hole,24,2.20296
267,10675,0.0,0,hole,31,2.209105
268,10704,0.0,0,hole,29,2.21514
269,10746,0.0,0,hole,42,2.224263
270,10761,0.0,0,hole,15,2.227159
271,10799,0.0,0,hole,38,2.235305
272,10805,0.0,0,hole,6,2.23705
273,10848,1.0,1,success,43,2.246751
274,11047,0.0,0,hole,199,2.288471
275,11189,0.0,0,hole,142,2.318979
276,11257,0.0,0,hole,68,2.332811
277,11332,0.0,0,hole,75,2.348994
278,11369,0.0,0,hole,37,2.356819
279,11512,0.0,0,hole,143,2.386823
280,11538,0.0,0,hole,26,2.392768
281,11594,0.0,0,hole,56,2.404653
282,11739,1.0,1,success,145,2.436193
283,11939,0.0,0,timeout,200,2.478182
284,12006,1.0,1,success,67,2.492547
285,12016,0.0,0,hole,10,2.494982
286,12066,0.0,0,hole,50,2.506104
287,12098,0.0,0,hole,32,2.512987
288,12132,0.0,0,hole,34,2.520088
289,12140,0.0,0,hole,8,2.521814
290,12302,0.0,0,hole,162,2.556539
291,12309,0.0,0,hole,7,2.557984
292,12319,0.0,0,hole,10,2.559948
293,12472,0.0,0,hole,153,2.592209
294,12666,0.0,0,hole,194,2.633953
295,12673,0.0,0,hole,7,2.635433
296,12807,0.0,0,hole,134,2.663558
297,12819,0.0,0,hole,12,2.666092
298,12879,0.0,0,hole,60,2.678697
299,12906,0.0,0,hole,27,2.684694
300,12940,0.0,0,hole,34,2.691199
301,13114,1.0,1,success,174,2.731789
302,13135,0.0,0,hole,21,2.735859
303,13192,0.0,0,hole,57,2.747882
304,13316,1.0,1,success,124,2.774361
305,13487,1.0,1,success,171,2.810792
306,13538,0.0,0,hole,51,2.822455
307,13633,0.0,0,hole,95,2.842861
308,13682,1.0,1,success,49,2.852899
309,13702,0.0,0,hole,20,2.857599
310,13756,0.0,0,hole,54,2.869257
311,13956,0.0,0,timeout,200,2.912785
312,14080,1.0,1,success,124,2.939188
313,14280,0.0,0,timeout,200,2.981626
314,14321,0.0,0,hole,41,2.990591
315,14422,1.0,1,success,101,3.012284
316,14437,0.0,0,hole,15,3.015415
317,14528,0.0,0,hole,91,3.03535
318,14559,0.0,0,hole,31,3.042094
319,14712,0.0,0,hole,153,3.07616
320,14740,0.0,0,hole,28,3.082366
321,14819,0.0,0,hole,79,3.100619
322,14885,0.0,0,hole,66,3.114603
323,14967,1.0,1,success,82,3.131979
324,15167,0.0,0,timeout,200,3.175303
325,15246,0.0,0,hole,79,3.192746
326,15300,1.0,1,success,54,3.204167
327,15354,0.0,0,hole,54,3.216216
328,15445,0.0,0,hole,91,3.235764
329,15535,0.0,0,hole,90,3.256155
330,15622,0.0,0,hole,87,3.275651
331,15752,0.0,0,hole,130,3.303797
332,15802,0.0,0,hole,50,3.315856
333,15820,0.0,0,hole,18,3.32006
334,15837,0.0,0,hole,17,3.324367
335,15933,0.0,0,hole,96,3.347252
336,15958,0.0,0,hole,25,3.352629
337,16071,1.0,1,success,113,3.377506
338,16238,1.0,1,success,167,3.413834
339,16286,0.0,0,hole,48,3.423616
340,16319,0.0,0,hole,33,3.430751
341,16475,0.0,0,hole,156,3.46558
342,16532,1.0,1,success,57,3.478033
343,16596,1.0,1,success,64,3.49177
344,16730,0.0,0,hole,134,3.522209
345,16756,0.0,0,hole,26,3.527668
346,16830,0.0,0,hole,74,3.543924
347,16838,0.0,0,hole,8,3.545936
348,16928,0.0,0,hole,90,3.570799
349,16965,0.0,0,hole,37,3.580956
350,16981,0.0,0,hole,16,3.584857
351,17038,1.0,1,success,57,3.61051
352,17198,1.0,1,success,160,3.674174
353,17274,1.0,1,success,76,3.693878
354,17354,0.0,0,hole,80,3.713886
355,17378,0.0,0,hole,24,3.719019
356,17405,1.0,1,success,27,3.725941
357,17566,0.0,0,hole,161,3.763467
358,17648,0.0,0,hole,82,3.781588
359,17707,1.0,1,success,59,3.795163
360,17781,0.0,0,hole,74,3.811099
361,17834,1.0,1,success,53,3.822894
362,17900,0.0,0,hole,66,3.8374
363,17975,0.0,0,hole,75,3.854757
364,18175,0.0,0,timeout,200,3.899186
365,18375,0.0,0,timeout,200,3.944651
366,18408,0.0,0,hole,33,3.951974
367,18474,0.0,0,hole,66,3.966753
368,18554,1.0,1,success,80,3.984454
369,18690,0.0,0,hole,136,4.015226
370,18736,1.0,1,success,46,4.025308
371,18930,0.0,0,hole,194,4.068949
372,18970,1.0,1,success,40,4.077589
373,19055,1.0,1,success,85,4.096613
374,19117,1.0,1,success,62,4.111646
375,19219,1.0,1,success,102,4.13406
376,19310,1.0,1,success,91,4.154092
377,19378,1.0,1,success,68,4.169178
378,19402,0.0,0,hole,24,4.174595
379,19424,0.0,0,hole,22,4.179492
380,19473,0.0,0,hole,49,4.190459
381,19653,1.0,1,success,180,4.231922
382,19716,1.0,1,success,63,4.245725
383,19837,0.0,0,hole,121,4.273255
384,19976,1.0,1,success,139,4.304063
385,20013,0.0,0,hole,37,4.313736
386,20031,0.0,0,hole,18,4.317504
387,20188,1.0,1,success,157,4.352814
388,20259,1.0,1,success,71,4.369085
389,20320,1.0,1,success,61,4.383038
390,20353,1.0,1,success,33,4.390571
391,20413,1.0,1,success,60,4.404047
392,20427,0.0,0,hole,14,4.406886
393,20492,1.0,1,success,65,4.421294
394,20641,1.0,1,success,149,4.456461
395,20760,1.0,1,success,119,4.482665
396,20960,0.0,0,timeout,200,4.528032
397,21068,1.0,1,success,108,4.552748
398,21143,1.0,1,success,75,4.569854
399,21261,1.0,1,success,118,4.596212
400,21326,1.0,1,success,65,4.610229
401,21383,1.0,1,success,57,4.622727
402,21480,1.0,1,success,97,4.64501
403,21613,1.0,1,success,133,4.675487
404,21719,1.0,1,success,106,4.698489
405,21771,1.0,1,success,52,4.710505
406,21913,1.0,1,success,142,4.745376
407,22085,1.0,1,success,172,4.784015
408,22138,1.0,1,success,53,4.795817
409,22338,1.0,1,success,200,4.840417
410,22479,1.0,1,success,141,4.871471
411,22530,1.0,1,success,51,4.883304
412,22639,1.0,1,success,109,4.907223
413,22787,0.0,0,hole,148,4.940992
414,22987,0.0,0,timeout,200,4.985649
415,23131,1.0,1,success,144,5.020653
416,23225,1.0,1,success,94,5.041565
417,23282,1.0,1,success,57,5.054531
418,23471,1.0,1,success,189,5.097408
419,23519,1.0,1,success,48,5.108763
420,23581,0.0,0,hole,62,5.122786
421,23631,1.0,1,success,50,5.134068
422,23669,1.0,1,success,38,5.142607
423,23737,0.0,0,hole,68,5.158257
424,23800,1.0,1,success,63,5.171643
425,23902,1.0,1,success,102,5.195975
426,24102,0.0,0,timeout,200,5.241068
427,24186,1.0,1,success,84,5.260085
428,24374,1.0,1,success,188,5.301837
429,24471,1.0,1,success,97,5.324306
430,24525,1.0,1,success,54,5.337147
431,24583,0.0,0,hole,58,5.34955
432,24623,1.0,1,success,40,5.358454
433,24726,0.0,0,hole,103,5.382287
434,24835,1.0,1,success,109,5.406417
435,25023,1.0,1,success,188,5.448528
436,25079,1.0,1,success,56,5.461175
437,25123,1.0,1,success,44,5.471461
438,25203,1.0,1,success,80,5.489366
439,25397,1.0,1,success,194,5.533722
440,25464,1.0,1,success,67,5.548156
441,25521,1.0,1,success,57,5.561983
442,25615,1.0,1,success,94,5.582837
443,25685,0.0,0,hole,70,5.598206
444,25776,1.0,1,success,91,5.618396
445,25962,1.0,1,success,186,5.66096
446,26094,1.0,1,success,132,5.69059
447,26169,1.0,1,success,75,5.707348
448,26265,0.0,0,hole,96,5.730507
449,26314,1.0,1,success,49,5.74175
450,26514,0.0,0,timeout,200,5.786958
451,26566,1.0,1,success,52,5.798771
452,26642,1.0,1,success,76,5.815574
453,26695,1.0,1,success,53,5.827262
454,26843,1.0,1,success,148,5.861464
455,26913,1.0,1,success,70,5.877409
456,27009,1.0,1,success,96,5.898896
457,27065,0.0,0,hole,56,5.91142
458,27156,0.0,0,hole,91,5.933132
459,27230,1.0,1,success,74,5.949941
460,27386,1.0,1,success,156,5.984151
461,27490,1.0,1,success,104,6.007914
462,27570,0.0,0,hole,80,6.025974
463,27685,1.0,1,success,115,6.051784
464,27885,0.0,0,timeout,200,6.153962
465,27987,1.0,1,success,102,6.177644
466,28063,1.0,1,success,76,6.19577
467,28226,1.0,1,success,163,6.23239
468,28391,1.0,1,success,165,6.268272
469,28425,1.0,1,success,34,6.277254
470,28525,1.0,1,success,100,6.300747
471,28602,1.0,1,success,77,6.3177
472,28672,1.0,1,success,70,6.333542
473,28872,0.0,0,timeout,200,6.378626
474,29072,0.0,0,timeout,200,6.423097
475,29160,1.0,1,success,88,6.442612
476,29206,1.0,1,success,46,6.45315
477,29249,0.0,0,hole,43,6.462941
478,29375,1.0,1,success,126,6.491499
479,29494,1.0,1,success,119,6.519069
480,29580,1.0,1,success,86,6.538957
481,29730,1.0,1,success,150,6.573101
482,29831,1.0,1,success,101,6.595798
483,29864,1.0,1,success,33,6.603091
484,29971,1.0,1,success,107,6.626789
485,30134,0.0,0,hole,163,6.664458
486,30174,1.0,1,success,40,6.673862
487,30216,1.0,1,success,42,6.683305
488,30315,1.0,1,success,99,6.705659
489,30362,1.0,1,success,47,6.716387
490,30411,1.0,1,success,49,6.727931
491,30499,0.0,0,hole,88,6.749311
492,30552,1.0,1,success,53,6.761427
493,30700,1.0,1,success,148,6.795564
494,30761,1.0,1,success,61,6.809675
495,30799,1.0,1,success,38,6.817667
496,30892,1.0,1,success,93,6.838237
497,30924,1.0,1,success,32,6.84588
498,30992,1.0,1,success,68,6.860607
499,31192,0.0,0,timeout,200,6.907013
500,31311,1.0,1,success,119,6.934558
501,31391,1.0,1,success,80,6.952549
502,31475,1.0,1,success,84,6.971482
503,31581,1.0,1,success,106,6.995384
504,31640,1.0,1,success,59,7.007937
505,31674,1.0,1,success,34,7.016122
506,31703,0.0,0,hole,29,7.022678
507,31736,1.0,1,success,33,7.030185
508,31780,1.0,1,success,44,7.039936
509,31845,1.0,1,success,65,7.055181
510,31926,0.0,0,hole,81,7.07355
511,32064,1.0,1,success,138,7.104661
512,32092,0.0,0,hole,28,7.110742
513,32159,1.0,1,success,67,7.126582
514,32267,1.0,1,success,108,7.151481
515,32355,1.0,1,success,88,7.171355
516,32412,1.0,1,success,57,7.184194
517,32544,1.0,1,success,132,7.214229
518,32660,1.0,1,success,116,7.240047
519,32669,0.0,0,hole,9,7.242344
520,32701,0.0,0,hole,32,7.249806
521,32756,1.0,1,success,55,7.261813
522,32826,1.0,1,success,70,7.278179
523,32885,0.0,0,hole,59,7.291413
524,32909,0.0,0,hole,24,7.297054
525,32960,1.0,1,success,51,7.307982
526,33010,0.0,0,hole,50,7.319886
527,33210,0.0,0,timeout,200,7.365033
528,33324,1.0,1,success,114,7.390141
529,33361,1.0,1,success,37,7.39873
530,33398,0.0,0,hole,37,7.406608
531,33598,0.0,0,timeout,200,7.451968
532,33735,1.0,1,success,137,7.482741
533,33746,0.0,0,hole,11,7.48533
534,33944,1.0,1,success,198,7.532463
535,33981,1.0,1,success,37,7.541601
536,34076,1.0,1,success,95,7.562773
537,34125,1.0,1,success,49,7.574402
538,34178,1.0,1,success,53,7.586113
539,34353,1.0,1,success,175,7.625296
540,34498,1.0,1,success,145,7.656947
541,34543,1.0,1,success,45,7.667283
542,34581,1.0,1,success,38,7.675749
543,34676,1.0,1,success,95,7.697447
544,34772,1.0,1,success,96,7.718955
545,34868,1.0,1,success,96,7.743617
546,34968,1.0,1,success,100,7.766377
547,35003,1.0,1,success,35,7.774565
548,35086,1.0,1,success,83,7.792871
549,35176,1.0,1,success,90,7.813285
550,35310,1.0,1,success,134,7.843652
551,35337,1.0,1,success,27,7.849646
552,35363,1.0,1,success,26,7.855362
553,35506,0.0,0,hole,143,7.888668
554,35554,1.0,1,success,48,7.899237
555,35619,1.0,1,success,65,7.913859
556,35657,1.0,1,success,38,7.92246
557,35668,0.0,0,hole,11,7.924582
558,35695,1.0,1,success,27,7.931329
559,35755,1.0,1,success,60,7.945123
560,35806,1.0,1,success,51,7.956818
561,36006,0.0,0,timeout,200,8.002124
562,36097,1.0,1,success,91,8.022402
563,36191,1.0,1,success,94,8.043054
564,36250,0.0,0,hole,59,8.056591
565,36275,1.0,1,success,25,8.062033
566,36418,1.0,1,success,143,8.094899
567,36472,1.0,1,success,54,8.106571
568,36522,0.0,0,hole,50,8.118403
569,36554,1.0,1,success,32,8.125573
570,36594,1.0,1,success,40,8.135322
571,36689,1.0,1,success,95,8.15701
572,36805,1.0,1,success,116,8.183105
573,36934,1.0,1,success,129,8.212208
574,37018,1.0,1,success,84,8.23104
575,37046,1.0,1,success,28,8.237166
576,37231,1.0,1,success,185,8.278845
577,37253,1.0,1,success,22,8.284183
578,37270,1.0,1,success,17,8.287915
579,37386,1.0,1,success,116,8.314688
580,37558,1.0,1,success,172,8.356355
581,37589,1.0,1,success,31,8.363517
582,37683,1.0,1,success,94,8.384708
583,37804,1.0,1,success,121,8.411602
584,37833,1.0,1,success,29,8.418358
585,38033,0.0,0,timeout,200,8.463707
586,38104,0.0,0,hole,71,8.479192
587,38115,0.0,0,hole,11,8.482216
588,38246,1.0,1,success,131,8.511326
589,38337,1.0,1,success,91,8.532544
590,38467,1.0,1,success,130,8.561643
591,38648,1.0,1,success,181,8.601818
592,38848,0.0,0,timeout,200,8.645676
593,38881,0.0,0,hole,33,8.653335
594,39055,1.0,1,success,174,8.692596
595,39114,1.0,1,success,59,8.706385
596,39174,1.0,1,success,60,8.719531
597,39236,1.0,1,success,62,8.735935
598,39249,0.0,0,hole,13,8.739399
599,39313,1.0,1,success,64,8.754143
600,39386,1.0,1,success,73,8.770137
601,39426,1.0,1,success,40,8.779761
602,39476,1.0,1,success,50,8.790367
603,39545,1.0,1,success,69,8.80675
604,39585,1.0,1,success,40,8.815598
605,39665,1.0,1,success,80,8.834207
606,39713,1.0,1,success,48,8.845414
607,39756,1.0,1,success,43,8.854504
608,39956,1.0,1,success,200,8.899683
609,40156,0.0,0,timeout,200,8.945644
610,40278,1.0,1,success,122,8.972787
611,40309,1.0,1,success,31,8.980021
612,40351,1.0,1,success,42,8.988946
613,40418,0.0,0,hole,67,9.004438
614,40441,0.0,0,hole,23,9.009512
615,40495,1.0,1,success,54,9.021348
616,40556,1.0,1,success,61,9.035063
617,40634,1.0,1,success,78,9.053238
618,40715,1.0,1,success,81,9.071235
619,40754,1.0,1,success,39,9.080477
620,40876,1.0,1,success,122,9.107423
621,40965,1.0,1,success,89,9.128052
622,41064,1.0,1,success,99,9.15086
623,41161,1.0,1,success,97,9.173238
624,41202,1.0,1,success,41,9.18238
625,41286,1.0,1,success,84,9.201378
626,41377,1.0,1,success,91,9.221886
627,41475,1.0,1,success,98,9.243473
628,41533,1.0,1,success,58,9.256926
629,41556,0.0,0,hole,23,9.261655
630,41670,0.0,0,hole,114,9.28797
631,41827,1.0,1,success,157,9.323438
632,41883,1.0,1,success,56,9.33574
633,41953,0.0,0,hole,70,9.352828
634,42021,1.0,1,success,68,9.3683
635,42089,1.0,1,success,68,9.38317
636,42134,0.0,0,hole,45,9.392981
637,42200,1.0,1,success,66,9.407937
638,42374,1.0,1,success,174,9.448106
639,42401,1.0,1,success,27,9.454621
640,42429,1.0,1,success,28,9.460667
641,42549,0.0,0,hole,120,9.488289
642,42593,1.0,1,success,44,9.498213
643,42793,0.0,0,timeout,200,9.543284
644,42893,1.0,1,success,100,9.565418
645,42946,1.0,1,success,53,9.577327
646,43057,1.0,1,success,111,9.603099
647,43131,1.0,1,success,74,9.619219
648,43247,1.0,1,success,116,9.645129
649,43285,1.0,1,success,38,9.654058
650,43406,1.0,1,success,121,9.681708
651,43455,1.0,1,success,49,9.692828
652,43482,1.0,1,success,27,9.699098
653,43541,1.0,1,success,59,9.713337
654,43613,0.0,0,hole,72,9.729739
655,43652,1.0,1,success,39,9.739036
656,43730,1.0,1,success,78,9.757135
657,43774,1.0,1,success,44,9.767529
658,43819,1.0,1,success,45,9.777563
659,44019,0.0,0,timeout,200,9.822912
660,44126,1.0,1,success,107,9.846769
661,44143,0.0,0,hole,17,9.850423
662,44234,1.0,1,success,91,9.871021
663,44434,0.0,0,timeout,200,9.916552
664,44525,1.0,1,success,91,9.937014
665,44636,1.0,1,success,111,9.962495
666,44779,1.0,1,success,143,9.994098
667,44818,1.0,1,success,39,10.003744
668,44885,1.0,1,success,67,10.019273
669,44903,0.0,0,hole,18,10.023389
670,44958,1.0,1,success,55,10.03649
671,45008,1.0,1,success,50,10.047823
672,45090,1.0,1,success,82,10.066118
673,45174,1.0,1,success,84,10.085459
674,45258,1.0,1,success,84,10.105043
675,45312,1.0,1,success,54,10.116907
676,45335,0.0,0,hole,23,10.122058
677,45361,1.0,1,success,26,10.12854
678,45458,1.0,1,success,97,10.151217
679,45543,1.0,1,success,85,10.170373
680,45612,1.0,1,success,69,10.185943
681,45742,1.0,1,success,130,10.216236
682,45773,1.0,1,success,31,10.223109
683,45797,1.0,1,success,24,10.228366
684,45903,1.0,1,success,106,10.251686
685,45955,1.0,1,success,52,10.263544
686,46109,1.0,1,success,154,10.29886
687,46290,1.0,1,success,181,10.338607
688,46443,1.0,1,success,153,10.373507
689,46612,1.0,1,success,169,10.411507
690,46667,1.0,1,success,55,10.423594
691,46716,1.0,1,success,49,10.434663
692,46848,1.0,1,success,132,10.463928
693,46925,1.0,1,success,77,10.481846
694,46969,1.0,1,success,44,10.491877
695,47000,1.0,1,success,31,10.498506
696,47007,0.0,0,hole,7,10.500722
697,47207,0.0,0,timeout,200,10.546487
698,47277,1.0,1,success,70,10.562879
699,47351,1.0,1,success,74,10.579261
700,47421,0.0,0,hole,70,10.595132
701,47485,1.0,1,success,64,10.609168
702,47586,1.0,1,success,101,10.63235
703,47628,1.0,1,success,42,10.641611
704,47747,1.0,1,success,119,10.668105
705,47800,1.0,1,success,53,10.6803
706,47934,1.0,1,success,134,10.711241
707,47973,1.0,1,success,39,10.719887
708,47994,0.0,0,hole,21,10.724251
709,48055,1.0,1,success,61,10.739574
710,48255,0.0,0,timeout,200,10.785712
711,48315,1.0,1,success,60,10.799091
712,48348,1.0,1,success,33,10.806166
713,48425,1.0,1,success,77,10.824099
714,48463,0.0,0,hole,38,10.832558
715,48590,1.0,1,success,127,10.860917
716,48713,1.0,1,success,123,10.888963
717,48811,0.0,0,hole,98,10.973719
718,48870,1.0,1,success,59,10.987108
719,49039,1.0,1,success,169,11.025002
720,49203,1.0,1,success,164,11.061268
721,49312,1.0,1,success,109,11.085672
722,49380,0.0,0,hole,68,11.100405
723,49449,1.0,1,success,69,11.116859
724,49483,1.0,1,success,34,11.124323
725,49523,1.0,1,success,40,11.134019
726,49585,1.0,1,success,62,11.148876
727,49642,1.0,1,success,57,11.161904
728,49682,1.0,1,success,40,11.170664
729,49767,1.0,1,success,85,11.190194
730,49840,1.0,1,success,73,11.206577
731,49925,1.0,1,success,85,11.225997
732,49969,1.0,1,success,44,11.23586
733,50067,1.0,1,success,98,11.258368
734,50098,1.0,1,success,31,11.265493
735,50226,1.0,1,success,128,11.294116
736,50324,1.0,1,success,98,11.316333
737,50376,1.0,1,success,52,11.32809
738,50423,1.0,1,success,47,11.339056
739,50522,1.0,1,success,99,11.362435
740,50546,1.0,1,success,24,11.367802
741,50614,1.0,1,success,68,11.383661
742,50677,0.0,0,hole,63,11.397774
743,50715,1.0,1,success,38,11.406048
744,50786,1.0,1,success,71,11.421645
745,50858,1.0,1,success,72,11.438636
746,50924,1.0,1,success,66,11.453435
747,51059,1.0,1,success,135,11.48326
748,51154,1.0,1,success,95,11.505229
749,51206,1.0,1,success,52,11.517227
750,51273,1.0,1,success,67,11.532193
751,51343,1.0,1,success,70,11.54828
752,51404,1.0,1,success,61,11.562429
753,51486,1.0,1,success,82,11.581302
754,51531,0.0,0,hole,45,11.591327
755,51613,1.0,1,success,82,11.610102
756,51750,1.0,1,success,137,11.640493
757,51836,1.0,1,success,86,11.659601
758,51955,1.0,1,success,119,11.686409
759,52055,1.0,1,success,100,11.70926
760,52091,0.0,0,hole,36,11.717186
761,52150,1.0,1,success,59,11.730995
762,52216,0.0,0,hole,66,11.747034
763,52262,1.0,1,success,46,11.758135
764,52399,1.0,1,success,137,11.789256
765,52425,0.0,0,hole,26,11.79563
766,52552,1.0,1,success,127,11.823809
767,52604,1.0,1,success,52,11.83568
768,52636,1.0,1,success,32,11.842695
769,52702,1.0,1,success,66,11.858262
770,52807,1.0,1,success,105,11.881663
771,52868,1.0,1,success,61,11.895187
772,52886,1.0,1,success,18,11.900022
773,52998,0.0,0,hole,112,11.925124
774,53035,1.0,1,success,37,11.93402
775,53130,1.0,1,success,95,11.955608
776,53255,1.0,1,success,125,11.983428
777,53358,1.0,1,success,103,12.00679
778,53478,1.0,1,success,120,12.033504
779,53518,1.0,1,success,40,12.042846
780,53589,1.0,1,success,71,12.058495
781,53666,1.0,1,success,77,12.075713
782,53746,1.0,1,success,80,12.093754
783,53818,1.0,1,success,72,12.110484
784,53917,1.0,1,success,99,12.132798
785,53977,1.0,1,success,60,12.146715
786,54006,1.0,1,success,29,12.154078
787,54053,1.0,1,success,47,12.164845
788,54110,1.0,1,success,57,12.177575
789,54137,1.0,1,success,27,12.183778
790,54178,1.0,1,success,41,12.192541
791,54378,0.0,0,timeout,200,12.237259
792,54469,1.0,1,success,91,12.257439
793,54558,1.0,1,success,89,12.277467
794,54711,1.0,1,success,153,12.312495
795,54816,1.0,1,success,105,12.33583
796,54874,1.0,1,success,58,12.34863
797,55063,1.0,1,success,189,12.391993
798,55126,1.0,1,success,63,12.406484
799,55209,1.0,1,success,83,12.425112
800,55340,1.0,1,success,131,12.453612
801,55434,1.0,1,success,94,12.475586
802,55510,1.0,1,success,76,12.492845
803,55655,1.0,1,success,145,12.525474
804,55689,1.0,1,success,34,12.53325
805,55760,1.0,1,success,71,12.54973
806,55805,0.0,0,hole,45,12.560995
807,55897,1.0,1,success,92,12.580896
808,55991,1.0,1,success,94,12.601815
809,56041,1.0,1,success,50,12.614221
810,56143,0.0,0,hole,102,12.636619
811,56167,0.0,0,hole,24,12.641972
812,56246,1.0,1,success,79,12.660436
813,56312,1.0,1,success,66,12.676132
814,56358,1.0,1,success,46,12.687541
815,56481,1.0,1,success,123,12.716736
816,56582,1.0,1,success,101,12.740498
817,56610,1.0,1,success,28,12.747374
818,56731,1.0,1,success,121,12.775513
819,56780,1.0,1,success,49,12.786352
820,56837,1.0,1,success,57,12.799787
821,56955,1.0,1,success,118,12.826703
822,57002,1.0,1,success,47,12.837705
823,57098,1.0,1,success,96,12.858302
824,57147,1.0,1,success,49,12.869377
825,57231,1.0,1,success,84,12.888377
826,57258,1.0,1,success,27,12.894961
827,57331,1.0,1,success,73,12.911683
828,57387,1.0,1,success,56,12.924023
829,57439,1.0,1,success,52,12.936272
830,57548,1.0,1,success,109,12.961691
831,57576,1.0,1,success,28,12.968242
832,57718,1.0,1,success,142,13.000517
833,57777,1.0,1,success,59,13.014111
834,57795,0.0,0,hole,18,13.017749
835,57827,1.0,1,success,32,13.025527
836,57934,1.0,1,success,107,13.052631
837,58085,1.0,1,success,151,13.091156
838,58115,0.0,0,hole,30,13.098416
839,58159,1.0,1,success,44,13.109534
840,58223,1.0,1,success,64,13.13369
841,58257,1.0,1,success,34,13.15184
842,58304,1.0,1,success,47,13.171664
843,58370,1.0,1,success,66,13.187415
844,58397,1.0,1,success,27,13.193677
845,58441,0.0,0,hole,44,13.204118
846,58521,1.0,1,success,80,13.222665
847,58534,0.0,0,hole,13,13.225413
848,58568,1.0,1,success,34,13.232805
849,58601,1.0,1,success,33,13.240929
850,58699,1.0,1,success,98,13.262949
851,58835,1.0,1,success,136,13.293426
852,58937,1.0,1,success,102,13.317452
853,58965,1.0,1,success,28,13.324135
854,58986,1.0,1,success,21,13.329537
855,59038,1.0,1,success,52,13.342261
856,59113,1.0,1,success,75,13.36057
857,59197,1.0,1,success,84,13.379721
858,59266,1.0,1,success,69,13.395185
859,59343,1.0,1,success,77,13.412135
860,59367,1.0,1,success,24,13.417448
861,59522,1.0,1,success,155,13.453385
862,59599,1.0,1,success,77,13.470026
863,59622,1.0,1,success,23,13.475486
864,59692,1.0,1,success,70,13.490646
865,59736,1.0,1,success,44,13.500699
866,59779,1.0,1,success,43,13.51078
867,59929,1.0,1,success,150,13.54522
868,59970,1.0,1,success,41,13.554504
869,60044,1.0,1,success,74,13.57188
870,60089,1.0,1,success,45,13.582627
871,60196,1.0,1,success,107,13.606087
872,60222,0.0,0,hole,26,13.612467
873,60291,1.0,1,success,69,13.627818
874,60364,1.0,1,success,73,13.644334
875,60416,1.0,1,success,52,13.656228
876,60456,1.0,1,success,40,13.66509
877,60526,1.0,1,success,70,13.68183
878,60579,1.0,1,success,53,13.693586
879,60779,0.0,0,timeout,200,13.739233
880,60812,1.0,1,success,33,13.747625
881,60880,1.0,1,success,68,13.763978
882,60966,1.0,1,success,86,13.783746
883,61027,1.0,1,success,61,13.797748
884,61080,1.0,1,success,53,13.809301
885,61115,1.0,1,success,35,13.817828
886,61174,1.0,1,success,59,13.831119
887,61348,1.0,1,success,174,13.869731
888,61448,1.0,1,success,100,13.891824
889,61486,1.0,1,success,38,13.900679
890,61655,1.0,1,success,169,13.939556
891,61730,1.0,1,success,75,13.956488
892,61823,1.0,1,success,93,13.978315
893,61863,1.0,1,success,40,13.987984
894,61942,1.0,1,success,79,14.005939
895,62091,1.0,1,success,149,14.040034
896,62212,1.0,1,success,121,14.06706
897,62278,1.0,1,success,66,14.082285
898,62288,0.0,0,hole,10,14.084237
899,62338,1.0,1,success,50,14.095947
900,62372,1.0,1,success,34,14.103082
901,62379,0.0,0,hole,7,14.104837
902,62424,1.0,1,success,45,14.116964
903,62439,0.0,0,hole,15,14.120424
904,62475,1.0,1,success,36,14.128962
905,62597,1.0,1,success,122,14.157557
906,62601,0.0,0,hole,4,14.158815
907,62726,1.0,1,success,125,14.18802
908,62749,1.0,1,success,23,14.193357
909,62860,1.0,1,success,111,14.219217
910,62949,1.0,1,success,89,14.239751
911,62976,1.0,1,success,27,14.245556
912,63051,0.0,0,hole,75,14.262871
913,63183,1.0,1,success,132,14.293155
914,63243,1.0,1,success,60,14.306965
915,63352,1.0,1,success,109,14.331779
916,63415,1.0,1,success,63,14.346682
917,63466,1.0,1,success,51,14.358329
918,63509,1.0,1,success,43,14.369563
919,63580,1.0,1,success,71,14.385429
920,63643,1.0,1,success,63,14.39995
921,63674,1.0,1,success,31,14.407219
922,63713,1.0,1,success,39,14.416788
923,63817,1.0,1,success,104,14.439926
924,63896,0.0,0,hole,79,14.456694
925,64000,1.0,1,success,104,14.480389
926,64036,0.0,0,hole,36,14.488704
927,64069,0.0,0,hole,33,14.496637
928,64119,0.0,0,hole,50,14.50753
929,64172,1.0,1,success,53,14.519882
930,64231,1.0,1,success,59,14.533773
931,64320,1.0,1,success,89,14.554101
932,64358,1.0,1,success,38,14.562947
933,64402,1.0,1,success,44,14.573422
934,64485,1.0,1,success,83,14.592056
935,64515,1.0,1,success,30,14.599162
936,64572,1.0,1,success,57,14.61147
937,64623,1.0,1,success,51,14.623217
938,64667,0.0,0,hole,44,14.633108
939,64763,1.0,1,success,96,14.654501
940,64833,1.0,1,success,70,14.670747
941,64914,1.0,1,success,81,14.689021
942,65027,1.0,1,success,113,14.715163
943,65083,1.0,1,success,56,14.727146
944,65134,1.0,1,success,51,14.740499
945,65168,1.0,1,success,34,14.748061
946,65185,0.0,0,hole,17,14.752216
947,65260,1.0,1,success,75,14.771159
948,65308,1.0,1,success,48,14.786441
949,65432,1.0,1,success,124,14.814738
950,65498,1.0,1,success,66,14.829911
951,65552,1.0,1,success,54,14.841978
952,65662,1.0,1,success,110,14.867155
953,65798,1.0,1,success,136,14.89791
954,65896,1.0,1,success,98,14.919973
955,65926,1.0,1,success,30,14.927502
956,66018,1.0,1,success,92,14.948195
957,66043,1.0,1,success,25,14.953684
958,66105,1.0,1,success,62,14.968924
959,66215,0.0,0,hole,110,14.993478
960,66336,1.0,1,success,121,15.022691
961,66415,1.0,1,success,79,15.040841
962,66520,1.0,1,success,105,15.064815
963,66568,1.0,1,success,48,15.075321
964,66646,1.0,1,success,78,15.093377
965,66724,1.0,1,success,78,15.110771
966,66760,1.0,1,success,36,15.119794
967,66806,1.0,1,success,46,15.130705
968,66926,1.0,1,success,120,15.157501
969,66985,1.0,1,success,59,15.171471
970,67021,0.0,0,hole,36,15.180466
971,67121,1.0,1,success,100,15.203447
972,67282,1.0,1,success,161,15.238812
973,67403,1.0,1,success,121,15.26607
974,67506,1.0,1,success,103,15.289411
975,67591,1.0,1,success,85,15.308077
976,67652,1.0,1,success,61,15.322088
977,67768,1.0,1,success,116,15.348665
978,67875,1.0,1,success,107,15.373226
979,67954,1.0,1,success,79,15.39147
980,68003,1.0,1,success,49,15.402417
981,68031,1.0,1,success,28,15.408684
982,68089,1.0,1,success,58,15.422252
983,68142,0.0,0,hole,53,15.434102
984,68185,1.0,1,success,43,15.443619
985,68296,1.0,1,success,111,15.468458
986,68475,1.0,1,success,179,15.565242
987,68567,1.0,1,success,92,15.586641
988,68730,1.0,1,success,163,15.622788
989,68790,1.0,1,success,60,15.636368
990,68902,0.0,0,hole,112,15.661879
991,68909,0.0,0,hole,7,15.663704
992,68944,1.0,1,success,35,15.67102
993,68996,1.0,1,success,52,15.682561
994,69042,1.0,1,success,46,15.693172
995,69151,1.0,1,success,109,15.717922
996,69251,1.0,1,success,100,15.74176
997,69354,1.0,1,success,103,15.765448
998,69390,1.0,1,success,36,15.773995
999,69419,0.0,0,hole,29,15.781073
1000,69444,1.0,1,success,25,15.786444
1001,69472,0.0,0,hole,28,15.792615
1002,69529,1.0,1,success,57,15.806719
1003,69586,1.0,1,success,57,15.819113
1004,69629,1.0,1,success,43,15.829088
1005,69681,1.0,1,success,52,15.840863
1006,69832,1.0,1,success,151,15.874432
1007,69878,1.0,1,success,46,15.884942
1008,69996,1.0,1,success,118,15.910937
1009,70058,1.0,1,success,62,15.925982
1010,70187,1.0,1,success,129,15.954826
1011,70283,1.0,1,success,96,15.977184
1012,70396,1.0,1,success,113,16.002243
1013,70453,1.0,1,success,57,16.016198
1014,70511,1.0,1,success,58,16.029226
1015,70630,1.0,1,success,119,16.055296
1016,70701,1.0,1,success,71,16.071203
1017,70732,1.0,1,success,31,16.077847
1018,70816,1.0,1,success,84,16.097016
1019,70913,1.0,1,success,97,16.119221
1020,71057,1.0,1,success,144,16.151683
1021,71126,1.0,1,success,69,16.167538
1022,71191,1.0,1,success,65,16.18225
1023,71227,1.0,1,success,36,16.190362
1024,71356,1.0,1,success,129,16.21892
1025,71423,1.0,1,success,67,16.234579
1026,71500,1.0,1,success,77,16.251381
1027,71544,1.0,1,success,44,16.261694
1028,71657,1.0,1,success,113,16.287017
1029,71781,0.0,0,hole,124,16.314697
1030,71927,1.0,1,success,146,16.347856
1031,72110,1.0,1,success,183,16.38936
1032,72153,1.0,1,success,43,16.399025
1033,72263,1.0,1,success,110,16.423905
1034,72419,1.0,1,success,156,16.458811
1035,72480,1.0,1,success,61,16.471872
1036,72592,1.0,1,success,112,16.496966
1037,72638,0.0,0,hole,46,16.507643
1038,72708,1.0,1,success,70,16.523976
1039,72741,1.0,1,success,33,16.531841
1040,72787,1.0,1,success,46,16.54165
1041,72823,1.0,1,success,36,16.550183
1042,72898,1.0,1,success,75,16.56718
1043,73060,1.0,1,success,162,16.604492
1044,73114,1.0,1,success,54,16.616852
1045,73138,1.0,1,success,24,16.622284
1046,73161,1.0,1,success,23,16.627641
1047,73210,1.0,1,success,49,16.638926
1048,73231,1.0,1,success,21,16.643613
1049,73315,1.0,1,success,84,16.663062
1050,73493,1.0,1,success,178,16.702771
1051,73556,1.0,1,success,63,16.716483
1052,73620,1.0,1,success,64,16.731173
1053,73707,1.0,1,success,87,16.75211
1054,73740,1.0,1,success,33,16.759223
1055,73788,1.0,1,success,48,16.770133
1056,73872,1.0,1,success,84,16.789633
1057,73918,1.0,1,success,46,16.800979
1058,73958,1.0,1,success,40,16.809544
1059,74084,1.0,1,success,126,16.837897
1060,74151,1.0,1,success,67,16.853112
1061,74249,1.0,1,success,98,16.875445
1062,74347,1.0,1,success,98,16.897111
1063,74369,1.0,1,success,22,16.902202
1064,74440,1.0,1,success,71,16.917906
1065,74523,1.0,1,success,83,16.937979
1066,74606,1.0,1,success,83,16.956548
1067,74671,1.0,1,success,65,16.970482
1068,74820,1.0,1,success,149,17.004314
1069,74908,1.0,1,success,88,17.024057
1070,74970,1.0,1,success,62,17.038255
1071,75081,1.0,1,success,111,17.06347
1072,75134,1.0,1,success,53,17.075173
1073,75217,1.0,1,success,83,17.093923
1074,75289,0.0,0,hole,72,17.109989
1075,75333,1.0,1,success,44,17.12005
1076,75355,1.0,1,success,22,17.124821
1077,75421,1.0,1,success,66,17.140804
1078,75469,1.0,1,success,48,17.151586
1079,75512,1.0,1,success,43,17.161018
1080,75596,1.0,1,success,84,17.179828
1081,75645,1.0,1,success,49,17.192027
1082,75712,1.0,1,success,67,17.207365
1083,75771,1.0,1,success,59,17.22054
1084,75831,1.0,1,success,60,17.234099
1085,75932,1.0,1,success,101,17.2572
1086,75956,1.0,1,success,24,17.262628
1087,76033,1.0,1,success,77,17.280244
1088,76120,1.0,1,success,87,17.299171
1089,76165,1.0,1,success,45,17.309584
1090,76195,1.0,1,success,30,17.316294
1091,76227,1.0,1,success,32,17.323589
1092,76332,0.0,0,hole,105,17.347605
1093,76453,1.0,1,success,121,17.375553
1094,76606,1.0,1,success,153,17.410654
1095,76704,1.0,1,success,98,17.432377
1096,76758,1.0,1,success,54,17.444401
1097,76782,1.0,1,success,24,17.449777
1098,76834,1.0,1,success,52,17.461782
1099,76930,1.0,1,success,96,17.484082
1100,76956,1.0,1,success,26,17.489524
1101,76986,1.0,1,success,30,17.496887
1102,77084,1.0,1,success,98,17.518775
1103,77149,1.0,1,success,65,17.534596
1104,77267,1.0,1,success,118,17.560559
1105,77357,1.0,1,success,90,17.582542
1106,77415,1.0,1,success,58,17.59593
1107,77566,1.0,1,success,151,17.629451
1108,77606,1.0,1,success,40,17.638427
1109,77664,1.0,1,success,58,17.651093
1110,77739,1.0,1,success,75,17.668039
1111,77865,1.0,1,success,126,17.696597
1112,77962,1.0,1,success,97,17.717861
1113,78037,1.0,1,success,75,17.736154
1114,78091,1.0,1,success,54,17.748815
1115,78220,1.0,1,success,129,17.777889
1116,78313,1.0,1,success,93,17.799718
1117,78451,1.0,1,success,138,17.830991
1118,78501,0.0,0,hole,50,17.842539
1119,78553,1.0,1,success,52,17.85387
1120,78728,1.0,1,success,175,17.892531
1121,78848,1.0,1,success,120,17.919568
1122,78920,1.0,1,success,72,17.936333
1123,79015,1.0,1,success,95,17.95819
1124,79126,1.0,1,success,111,17.983041
1125,79258,1.0,1,success,132,18.013451
1126,79336,1.0,1,success,78,18.038473
1127,79390,1.0,1,success,54,18.052536
1128,79446,1.0,1,success,56,18.065179
1129,79491,0.0,0,hole,45,18.075417
1130,79517,1.0,1,success,26,18.082515
1131,79591,1.0,1,success,74,18.098667
1132,79630,1.0,1,success,39,18.107638
1133,79724,1.0,1,success,94,18.128948
1134,79791,1.0,1,success,67,18.144147
1135,79888,1.0,1,success,97,18.165798
1136,79959,0.0,0,hole,71,18.181687
1137,79979,1.0,1,success,20,18.186902
1138,80107,1.0,1,success,128,18.216438
1139,80155,1.0,1,success,48,18.226862
1140,80285,1.0,1,success,130,18.256132
1141,80336,1.0,1,success,51,18.267663
1142,80366,1.0,1,success,30,18.274463
1143,80405,1.0,1,success,39,18.283722
1144,80471,1.0,1,success,66,18.297917
1145,80543,0.0,0,hole,72,18.315394
1146,80600,1.0,1,success,57,18.329385
1147,80658,1.0,1,success,58,18.343257
1148,80808,0.0,0,hole,150,18.377695
1149,80847,0.0,0,hole,39,18.387363
1150,80881,1.0,1,success,34,18.395691
1151,80888,0.0,0,hole,7,18.396974
1152,80923,1.0,1,success,35,18.405354
1153,80952,1.0,1,success,29,18.411913
1154,80996,1.0,1,success,44,18.421587
1155,81154,1.0,1,success,158,18.457875
1156,81273,1.0,1,success,119,18.485063
1157,81313,1.0,1,success,40,18.49489
1158,81412,1.0,1,success,99,18.516669
1159,81543,1.0,1,success,131,18.546311
1160,81625,1.0,1,success,82,18.564605
1161,81736,1.0,1,success,111,18.59105
1162,81823,1.0,1,success,87,18.610826
1163,81855,1.0,1,success,32,18.618123
1164,81909,1.0,1,success,54,18.630695
1165,81955,0.0,0,hole,46,18.640813
1166,82041,1.0,1,success,86,18.660567
1167,82083,1.0,1,success,42,18.670234
1168,82231,0.0,0,hole,148,18.703369
1169,82342,1.0,1,success,111,18.728925
1170,82428,1.0,1,success,86,18.749569
1171,82548,1.0,1,success,120,18.776664
1172,82601,0.0,0,hole,53,18.789565
1173,82676,0.0,0,hole,75,18.806084
1174,82742,1.0,1,success,66,18.821326
1175,82778,1.0,1,success,36,18.829386
1176,82836,1.0,1,success,58,18.841982
1177,82905,1.0,1,success,69,18.858433
1178,82917,0.0,0,hole,12,18.861227
1179,82923,0.0,0,hole,6,18.862478
1180,83020,1.0,1,success,97,18.884416
1181,83068,1.0,1,success,48,18.895556
1182,83227,0.0,0,hole,159,18.931312
1183,83385,1.0,1,success,158,18.967171
1184,83437,1.0,1,success,52,18.978926
1185,83598,1.0,1,success,161,19.01546
1186,83798,0.0,0,timeout,200,19.05998
1187,83989,1.0,1,success,191,19.102005
1188,84018,1.0,1,success,29,19.108598
1189,84142,1.0,1,success,124,19.13698
1190,84248,1.0,1,success,106,19.160517
1191,84420,1.0,1,success,172,19.199716
1192,84548,1.0,1,success,128,19.228147
1193,84602,1.0,1,success,54,19.24064
1194,84644,1.0,1,success,42,19.249954
1195,84703,1.0,1,success,59,19.263514
1196,84805,1.0,1,success,102,19.286486
1197,84878,1.0,1,success,73,19.302934
1198,84897,1.0,1,success,19,19.307248
1199,85042,1.0,1,success,145,19.340397
1200,85103,1.0,1,success,61,19.3543
1201,85178,1.0,1,success,75,19.371025
1202,85261,1.0,1,success,83,19.389911
1203,85302,1.0,1,success,41,19.399935
1204,85391,1.0,1,success,89,19.419568
1205,85400,0.0,0,hole,9,19.421509
1206,85503,1.0,1,success,103,19.445315
1207,85526,1.0,1,success,23,19.450477
1208,85585,1.0,1,success,59,19.46347
1209,85738,0.0,0,hole,153,19.497939
1210,85779,0.0,0,hole,41,19.506677
1211,85973,1.0,1,success,194,19.550497
1212,86114,0.0,0,hole,141,19.581961
1213,86252,1.0,1,success,138,19.613747
1214,86282,1.0,1,success,30,19.620565
1215,86420,1.0,1,success,138,19.651245
1216,86468,1.0,1,success,48,19.661769
1217,86569,1.0,1,success,101,19.68512
1218,86649,1.0,1,success,80,19.703023
1219,86677,1.0,1,success,28,19.709181
1220,86704,1.0,1,success,27,19.715352
1221,86792,1.0,1,success,88,19.735227
1222,86860,1.0,1,success,68,19.752376
1223,86926,1.0,1,success,66,19.767423
1224,86977,1.0,1,success,51,19.778745
1225,87048,1.0,1,success,71,19.795245
1226,87142,1.0,1,success,94,19.81706
1227,87174,1.0,1,success,32,19.824113
1228,87302,1.0,1,success,128,19.853059
1229,87417,1.0,1,success,115,19.878884
1230,87529,1.0,1,success,112,19.903806
1231,87621,1.0,1,success,92,19.924527
1232,87692,1.0,1,success,71,19.93955
1233,87772,1.0,1,success,80,19.958014
1234,87870,1.0,1,success,98,20.066205
1235,87947,1.0,1,success,77,20.085651
1236,88005,1.0,1,success,58,20.10007
1237,88030,1.0,1,success,25,20.105622
1238,88076,1.0,1,success,46,20.116196
1239,88204,1.0,1,success,128,20.145105
1240,88280,1.0,1,success,76,20.161863
1241,88328,1.0,1,success,48,20.172947
1242,88394,1.0,1,success,66,20.187911
1243,88493,1.0,1,success,99,20.259624
1244,88616,1.0,1,success,123,20.29675
1245,88646,0.0,0,hole,30,20.303891
1246,88682,1.0,1,success,36,20.312282
1247,88790,1.0,1,success,108,20.336744
1248,88860,1.0,1,success,70,20.352116
1249,88989,1.0,1,success,129,20.382083
1250,89024,1.0,1,success,35,20.389863
1251,89191,1.0,1,success,167,20.428727
1252,89250,1.0,1,success,59,20.442395
1253,89294,1.0,1,success,44,20.452437
1254,89319,1.0,1,success,25,20.458112
1255,89336,1.0,1,success,17,20.461929
1256,89470,1.0,1,success,134,20.491906
1257,89567,1.0,1,success,97,20.514307
1258,89609,1.0,1,success,42,20.52415
1259,89685,0.0,0,hole,76,20.540914
1260,89858,1.0,1,success,173,20.580285
1261,89936,1.0,1,success,78,20.598686
1262,90009,1.0,1,success,73,20.615972
1263,90103,1.0,1,success,94,20.636596
1264,90210,1.0,1,success,107,20.660336
1265,90265,0.0,0,hole,55,20.672607
1266,90347,1.0,1,success,82,20.691051
1267,90547,0.0,0,timeout,200,20.73582
1268,90577,1.0,1,success,30,20.74412
1269,90702,0.0,0,hole,125,20.773208
1270,90846,0.0,0,hole,144,20.806127
1271,90888,1.0,1,success,42,20.815268
1272,90933,1.0,1,success,45,20.825802
1273,90987,1.0,1,success,54,20.837583
1274,91055,1.0,1,success,68,20.853178
1275,91079,1.0,1,success,24,20.858393
1276,91170,1.0,1,success,91,20.879018
1277,91234,1.0,1,success,64,20.893727
1278,91338,1.0,1,success,104,20.917305
1279,91457,1.0,1,success,119,20.943957
1280,91480,1.0,1,success,23,20.948608
1281,91544,1.0,1,success,64,20.964256
1282,91564,1.0,1,success,20,20.968685
1283,91585,0.0,0,hole,21,20.973664
1284,91629,1.0,1,success,44,20.98387
1285,91657,0.0,0,hole,28,20.990143
1286,91690,0.0,0,hole,33,20.997859
1287,91726,1.0,1,success,36,21.006399
1288,91832,1.0,1,success,106,21.029826
1289,91885,1.0,1,success,53,21.04192
1290,92034,1.0,1,success,149,21.075746
1291,92117,1.0,1,success,83,21.094629
1292,92169,1.0,1,success,52,21.105955
1293,92286,1.0,1,success,117,21.132467
1294,92313,0.0,0,hole,27,21.138892
1295,92459,1.0,1,success,146,21.17185
1296,92595,1.0,1,success,136,21.202079
1297,92651,1.0,1,success,56,21.215675
1298,92743,1.0,1,success,92,21.236345
1299,92867,1.0,1,success,124,21.263918
1300,92899,1.0,1,success,32,21.270883
1301,92937,1.0,1,success,38,21.280066
1302,92967,1.0,1,success,30,21.286331
1303,93059,1.0,1,success,92,21.307088
1304,93081,1.0,1,success,22,21.312054
1305,93125,1.0,1,success,44,21.322475
1306,93166,1.0,1,success,41,21.331773
1307,93228,1.0,1,success,62,21.345256
1308,93307,1.0,1,success,79,21.363783
1309,93421,1.0,1,success,114,21.39018
1310,93471,1.0,1,success,50,21.400832
1311,93664,1.0,1,success,193,21.44429
1312,93750,1.0,1,success,86,21.463494
1313,93825,1.0,1,success,75,21.480903
1314,93878,1.0,1,success,53,21.492512
1315,93966,1.0,1,success,88,21.512186
1316,94041,1.0,1,success,75,21.529387
1317,94122,0.0,0,hole,81,21.547697
1318,94238,1.0,1,success,116,21.574184
1319,94348,1.0,1,success,110,21.598714
1320,94425,1.0,1,success,77,21.616743
1321,94466,1.0,1,success,41,21.625717
1322,94666,0.0,0,timeout,200,21.670915
1323,94692,1.0,1,success,26,21.676279
1324,94755,1.0,1,success,63,21.690692
1325,94811,1.0,1,success,56,21.703585
1326,95011,0.0,0,timeout,200,21.749765
1327,95050,1.0,1,success,39,21.758854
1328,95172,1.0,1,success,122,21.785584
1329,95265,1.0,1,success,93,21.80712
1330,95378,1.0,1,success,113,21.832881
1331,95425,1.0,1,success,47,21.843601
1332,95494,1.0,1,success,69,21.858607
1333,95565,1.0,1,success,71,21.875325
1334,95649,1.0,1,success,84,21.894194
1335,95766,1.0,1,success,117,21.92049
1336,95890,1.0,1,success,124,21.947919
1337,96010,1.0,1,success,120,21.976052
1338,96078,1.0,1,success,68,21.990859
1339,96175,1.0,1,success,97,22.012887
1340,96248,1.0,1,success,73,22.029086
1341,96323,1.0,1,success,75,22.046836
1342,96375,1.0,1,success,52,22.058051
1343,96396,1.0,1,success,21,22.062687
1344,96491,1.0,1,success,95,22.084013
1345,96524,1.0,1,success,33,22.092061
1346,96576,1.0,1,success,52,22.103698
1347,96620,1.0,1,success,44,22.113873
1348,96723,1.0,1,success,103,22.136804
1349,96890,1.0,1,success,167,22.175344
1350,96964,1.0,1,success,74,22.1918
1351,97038,1.0,1,success,74,22.209159
1352,97121,1.0,1,success,83,22.228297
1353,97174,0.0,0,hole,53,22.239966
1354,97236,1.0,1,success,62,22.253895
1355,97276,1.0,1,success,40,22.263285
1356,97354,1.0,1,success,78,22.280933
1357,97390,0.0,0,hole,36,22.289363
1358,97471,1.0,1,success,81,22.307375
1359,97562,1.0,1,success,91,22.328132
1360,97630,1.0,1,success,68,22.343135
1361,97690,1.0,1,success,60,22.35663
1362,97739,0.0,0,hole,49,22.367919
1363,97905,1.0,1,success,166,22.406283
1364,98030,1.0,1,success,125,22.4348
1365,98107,1.0,1,success,77,22.452391
1366,98196,1.0,1,success,89,22.47187
1367,98325,1.0,1,success,129,22.502048
1368,98482,1.0,1,success,157,22.5364
1369,98554,1.0,1,success,72,22.552804
1370,98683,1.0,1,success,129,22.582597
1371,98711,1.0,1,success,28,22.589302
1372,98780,1.0,1,success,69,22.604272
1373,98821,1.0,1,success,41,22.61482
1374,98858,1.0,1,success,37,22.623335
1375,98883,1.0,1,success,25,22.628808
1376,98922,1.0,1,success,39,22.638174
1377,98970,1.0,1,success,48,22.649309
1378,99015,1.0,1,success,45,22.659519
1379,99112,1.0,1,success,97,22.682094
1380,99215,1.0,1,success,103,22.704957
1381,99360,1.0,1,success,145,22.737118
1382,99420,1.0,1,success,60,22.752072
1383,99509,1.0,1,success,89,22.773545
1384,99554,1.0,1,success,45,22.783543
1385,99647,1.0,1,success,93,22.804448
1386,99847,0.0,0,timeout,200,22.849376
1387,99878,1.0,1,success,31,22.85629
1388,99912,1.0,1,success,34,22.863925
1389,99958,1.0,1,success,46,22.874412
1390,100069,0.0,0,hole,111,22.90019
1391,100183,1.0,1,success,114,22.925357
1392,100231,1.0,1,success,48,22.936177
1393,100277,1.0,1,success,46,22.94676
1394,100353,1.0,1,success,76,22.963797
1395,100378,0.0,0,hole,25,22.969129
1396,100451,1.0,1,success,73,22.986029
1397,100637,1.0,1,success,186,23.029229
1398,100832,1.0,1,success,195,23.07172
1399,100905,1.0,1,success,73,23.088375
1400,100937,1.0,1,success,32,23.095427
1401,101033,1.0,1,success,96,23.117444
1402,101121,1.0,1,success,88,23.136832
1403,101211,1.0,1,success,90,23.156842
1404,101327,1.0,1,success,116,23.184241
1405,101388,1.0,1,success,61,23.206787
1406,101487,1.0,1,success,99,23.23232
1407,101524,0.0,0,hole,37,23.241373
1408,101557,1.0,1,success,33,23.249986
1409,101623,1.0,1,success,66,23.265841
1410,101753,1.0,1,success,130,23.297876
1411,101832,1.0,1,success,79,23.317209
1412,101859,1.0,1,success,27,23.323835
1413,101945,1.0,1,success,86,23.347007
1414,101986,1.0,1,success,41,23.357765
1415,102075,1.0,1,success,89,23.384304
1416,102134,1.0,1,success,59,23.399536
1417,102173,0.0,0,hole,39,23.409984
1418,102245,1.0,1,success,72,23.434144
1419,102278,0.0,0,hole,33,23.446839
1420,102301,0.0,0,hole,23,23.457347
1421,102320,1.0,1,success,19,23.466874
1422,102355,0.0,0,hole,35,23.477363
1423,102525,1.0,1,success,170,23.525979
1424,102556,1.0,1,success,31,23.532973
1425,102634,0.0,0,hole,78,23.554573
1426,102672,1.0,1,success,38,23.563917
1427,102737,1.0,1,success,65,23.581557
1428,102786,1.0,1,success,49,23.592576
1429,102832,1.0,1,success,46,23.60396
1430,102862,1.0,1,success,30,23.611341
1431,102960,1.0,1,success,98,23.650456
1432,103098,1.0,1,success,138,23.693781
1433,103214,1.0,1,success,116,23.722152
1434,103335,1.0,1,success,121,23.751014
1435,103416,1.0,1,success,81,23.769473
1436,103498,1.0,1,success,82,23.788256
1437,103654,1.0,1,success,156,23.824386
1438,103757,1.0,1,success,103,23.847901
1439,103832,1.0,1,success,75,23.864534
1440,103917,1.0,1,success,85,23.883807
1441,103958,1.0,1,success,41,23.892978
1442,104053,1.0,1,success,95,23.914884
1443,104129,1.0,1,success,76,23.931967
1444,104211,1.0,1,success,82,23.950579
1445,104295,1.0,1,success,84,23.970231
1446,104412,1.0,1,success,117,23.997737
1447,104512,1.0,1,success,100,24.040916
1448,104588,1.0,1,success,76,24.06337
1449,104621,1.0,1,success,33,24.076807
1450,104737,1.0,1,success,116,24.105128
1451,104806,1.0,1,success,69,24.121174
1452,104910,1.0,1,success,104,24.145974
1453,104999,1.0,1,success,89,24.167189
1454,105042,1.0,1,success,43,24.177258
1455,105129,1.0,1,success,87,24.197561
1456,105169,1.0,1,success,40,24.206999
1457,105326,1.0,1,success,157,24.243667
1458,105408,1.0,1,success,82,24.261788
1459,105467,1.0,1,success,59,24.275019
1460,105489,1.0,1,success,22,24.280183
1461,105526,1.0,1,success,37,24.28882
1462,105560,1.0,1,success,34,24.296193
1463,105631,1.0,1,success,71,24.312408
1464,105667,0.0,0,hole,36,24.320217
1465,105714,1.0,1,success,47,24.331272
1466,105764,1.0,1,success,50,24.341889
1467,105884,1.0,1,success,120,24.369008
1468,105937,1.0,1,success,53,24.382285
1469,106004,1.0,1,success,67,24.397564
1470,106079,1.0,1,success,75,24.414398
1471,106129,0.0,0,hole,50,24.426294
1472,106217,1.0,1,success,88,24.446682
1473,106264,0.0,0,hole,47,24.456787
1474,106357,1.0,1,success,93,24.478298
1475,106378,0.0,0,hole,21,24.48287
1476,106435,1.0,1,success,57,24.495508
1477,106528,1.0,1,success,93,24.516729
1478,106728,0.0,0,timeout,200,24.561326
1479,106825,1.0,1,success,97,24.583566
1480,106866,1.0,1,success,41,24.592278
1481,106933,1.0,1,success,67,24.607971
1482,107001,1.0,1,success,68,24.623813
1483,107106,1.0,1,success,105,24.64785
1484,107166,1.0,1,success,60,24.661327
1485,107187,0.0,0,hole,21,24.66615
1486,107268,1.0,1,success,81,24.684683
1487,107324,1.0,1,success,56,24.697256
1488,107409,1.0,1,success,85,24.716634
1489,107439,0.0,0,hole,30,24.723195
1490,107465,0.0,0,hole,26,24.729442
1491,107518,1.0,1,success,53,24.741464
1492,107600,0.0,0,hole,82,24.760928
1493,107705,1.0,1,success,105,24.786155
1494,107784,1.0,1,success,79,24.80333
1495,107854,1.0,1,success,70,24.819171
1496,107913,1.0,1,success,59,24.833137
1497,108017,1.0,1,success,104,24.85736
1498,108041,0.0,0,hole,24,24.862714
1499,108110,1.0,1,success,69,24.878556
1500,108240,1.0,1,success,130,24.907451
1501,108304,1.0,1,success,64,24.92203
1502,108396,1.0,1,success,92,24.942471
1503,108426,0.0,0,hole,30,24.949861
1504,108542,1.0,1,success,116,24.975763
1505,108548,0.0,0,hole,6,24.97699
1506,108588,1.0,1,success,40,24.985891
1507,108784,1.0,1,success,196,25.092767
1508,108832,1.0,1,success,48,25.104607
1509,108873,1.0,1,success,41,25.114709
1510,109033,1.0,1,success,160,25.151077
1511,109130,1.0,1,success,97,25.172778
1512,109169,1.0,1,success,39,25.181481
1513,109245,1.0,1,success,76,25.19906
1514,109372,1.0,1,success,127,25.228097
1515,109501,1.0,1,success,129,25.258534
1516,109584,1.0,1,success,83,25.276531
1517,109784,0.0,0,timeout,200,25.321655
1518,109884,1.0,1,success,100,25.344068
1519,109947,1.0,1,success,63,25.358436
1520,110036,0.0,0,hole,89,25.378397
1521,110101,1.0,1,success,65,25.393895
1522,110214,1.0,1,success,113,25.419169
1523,110296,1.0,1,success,82,25.437322
1524,110349,1.0,1,success,53,25.45041
1525,110509,1.0,1,success,160,25.486599
1526,110608,1.0,1,success,99,25.507862
1527,110698,1.0,1,success,90,25.52767
1528,110766,1.0,1,success,68,25.542801
1529,110817,1.0,1,success,51,25.554759
1530,110905,1.0,1,success,88,25.574568
1531,110947,1.0,1,success,42,25.583798
1532,111019,1.0,1,success,72,25.600606
1533,111204,1.0,1,success,185,25.642455
1534,111266,1.0,1,success,62,25.656449
1535,111347,1.0,1,success,81,25.674293
1536,111387,1.0,1,success,40,25.682838
1537,111475,1.0,1,success,88,25.702741
1538,111589,1.0,1,success,114,25.728449
1539,111624,1.0,1,success,35,25.736294
1540,111773,1.0,1,success,149,25.771025
1541,111878,1.0,1,success,105,25.795922
1542,111978,1.0,1,success,100,25.818044
1543,112051,1.0,1,success,73,25.834497
1544,112076,1.0,1,success,25,25.840352
1545,112111,1.0,1,success,35,25.84911
1546,112173,1.0,1,success,62,25.863275
1547,112267,1.0,1,success,94,25.884175
1548,112421,1.0,1,success,154,25.919145
1549,112486,1.0,1,success,65,25.934304
1550,112526,1.0,1,success,40,25.943501
1551,112569,1.0,1,success,43,25.953264
1552,112634,1.0,1,success,65,25.967626
1553,112691,1.0,1,success,57,25.980812
1554,112749,1.0,1,success,58,25.9941
1555,112807,1.0,1,success,58,26.007737
1556,112864,1.0,1,success,57,26.02036
1557,112915,1.0,1,success,51,26.032975
1558,112983,1.0,1,success,68,26.048697
1559,113022,1.0,1,success,39,26.057852
1560,113112,1.0,1,success,90,26.077715
1561,113216,1.0,1,success,104,26.101747
1562,113273,1.0,1,success,57,26.114736
1563,113326,1.0,1,success,53,26.126586
1564,113380,1.0,1,success,54,26.138192
1565,113414,1.0,1,success,34,26.146756
1566,113507,1.0,1,success,93,26.167778
1567,113541,1.0,1,success,34,26.175503
1568,113614,1.0,1,success,73,26.191797
1569,113660,1.0,1,success,46,26.202684
1570,113732,1.0,1,success,72,26.218971
1571,113798,1.0,1,success,66,26.234141
1572,113860,0.0,0,hole,62,26.248433
1573,113904,1.0,1,success,44,26.25867
1574,113985,1.0,1,success,81,26.27685
1575,114027,1.0,1,success,42,26.286326
1576,114199,1.0,1,success,172,26.324278
1577,114246,1.0,1,success,47,26.33526
1578,114271,1.0,1,success,25,26.340533
1579,114404,1.0,1,success,133,26.370784
1580,114442,1.0,1,success,38,26.379494
1581,114642,0.0,0,timeout,200,26.425372
1582,114689,1.0,1,success,47,26.435781
1583,114721,1.0,1,success,32,26.443764
1584,114827,1.0,1,success,106,26.467311
1585,114863,1.0,1,success,36,26.475279
1586,114891,1.0,1,success,28,26.481891
1587,114944,1.0,1,success,53,26.493717
1588,115010,0.0,0,hole,66,26.50903
1589,115047,0.0,0,hole,37,26.517166
1590,115079,1.0,1,success,32,26.524085
1591,115136,1.0,1,success,57,26.536885
1592,115142,0.0,0,hole,6,26.538461
1593,115158,0.0,0,hole,16,26.542338
1594,115241,1.0,1,success,83,26.561218
1595,115265,0.0,0,hole,24,26.566688
1596,115301,1.0,1,success,36,26.574964
1597,115325,0.0,0,hole,24,26.580772
1598,115351,0.0,0,hole,26,26.586328
1599,115421,1.0,1,success,70,26.603237
1600,115459,1.0,1,success,38,26.611281
1601,115539,1.0,1,success,80,26.630021
1602,115642,1.0,1,success,103,26.653622
1603,115684,1.0,1,success,42,26.662641
1604,115738,0.0,0,hole,54,26.675111
1605,115863,1.0,1,success,125,26.703176
1606,115923,1.0,1,success,60,26.716848
1607,116004,1.0,1,success,81,26.734774
1608,116041,1.0,1,success,37,26.743673
1609,116105,1.0,1,success,64,26.759869
1610,116260,1.0,1,success,155,26.794525
1611,116341,1.0,1,success,81,26.813881
1612,116376,1.0,1,success,35,26.821114
1613,116460,1.0,1,success,84,26.840139
1614,116509,1.0,1,success,49,26.852753
1615,116563,1.0,1,success,54,26.864662
1616,116651,1.0,1,success,88,26.884697
1617,116699,0.0,0,hole,48,26.895258
1618,116754,1.0,1,success,55,26.908208
1619,116835,1.0,1,success,81,26.926394
1620,116873,1.0,1,success,38,26.935053
1621,116965,1.0,1,success,92,26.95634
1622,117015,0.0,0,hole,50,26.967686
1623,117080,1.0,1,success,65,26.981924
1624,117220,1.0,1,success,140,27.013599
1625,117251,1.0,1,success,31,27.020738
1626,117320,0.0,0,hole,69,27.036663
1627,117396,0.0,0,hole,76,27.054107
1628,117520,1.0,1,success,124,27.08263
1629,117573,1.0,1,success,53,27.094771
1630,117773,0.0,0,timeout,200,27.139758
1631,117875,1.0,1,success,102,27.162246
1632,117957,1.0,1,success,82,27.180562
1633,118007,1.0,1,success,50,27.191867
1634,118028,0.0,0,hole,21,27.196556
1635,118088,1.0,1,success,60,27.210152
1636,118222,1.0,1,success,134,27.240957
1637,118374,1.0,1,success,152,27.27586
1638,118430,1.0,1,success,56,27.288678
1639,118458,1.0,1,success,28,27.294742
1640,118492,1.0,1,success,34,27.302245
1641,118692,0.0,0,timeout,200,27.347304
1642,118881,1.0,1,success,189,27.389432
1643,118939,1.0,1,success,58,27.402794
1644,119029,1.0,1,success,90,27.423226
1645,119132,1.0,1,success,103,27.446183
1646,119149,1.0,1,success,17,27.450806
1647,119175,1.0,1,success,26,27.456195
1648,119220,1.0,1,success,45,27.466436
1649,119282,1.0,1,success,62,27.48124
1650,119337,1.0,1,success,55,27.493766
1651,119391,1.0,1,success,54,27.505523
1652,119420,1.0,1,success,29,27.512688
1653,119503,1.0,1,success,83,27.532439
1654,119571,1.0,1,success,68,27.547303
1655,119771,0.0,0,timeout,200,27.592099
1656,119834,1.0,1,success,63,27.606446
1657,119882,1.0,1,success,48,27.617755
1658,119917,1.0,1,success,35,27.625804
1659,119945,0.0,0,hole,28,27.632364
1660,120004,1.0,1,success,59,27.645705
1661,120096,1.0,1,success,92,27.666971
1662,120239,1.0,1,success,143,27.699643
1663,120307,1.0,1,success,68,27.71502
1664,120431,1.0,1,success,124,27.742079
1665,120483,1.0,1,success,52,27.754402
1666,120664,1.0,1,success,181,27.796121
1667,120737,1.0,1,success,73,27.813528
1668,120812,1.0,1,success,75,27.829952
1669,120899,1.0,1,success,87,27.849666
1670,120978,1.0,1,success,79,27.8682
1671,121178,0.0,0,timeout,200,27.913111
1672,121281,1.0,1,success,103,27.936085
1673,121464,1.0,1,success,183,27.97696
1674,121592,1.0,1,success,128,28.005748
1675,121725,0.0,0,hole,133,28.03644
1676,121772,1.0,1,success,47,28.046274
1677,121825,1.0,1,success,53,28.059207
1678,121870,1.0,1,success,45,28.069987
1679,121903,0.0,0,hole,33,28.077261
1680,121968,1.0,1,success,65,28.091326
1681,122100,1.0,1,success,132,28.121224
1682,122283,1.0,1,success,183,28.162413
1683,122356,1.0,1,success,73,28.178526
1684,122526,1.0,1,success,170,28.217318
1685,122532,0.0,0,hole,6,28.218582
1686,122612,1.0,1,success,80,28.236703
1687,122812,0.0,0,timeout,200,28.281996
1688,122899,1.0,1,success,87,28.300942
1689,122990,1.0,1,success,91,28.321734
1690,123057,0.0,0,hole,67,28.338254
1691,123166,1.0,1,success,109,28.364116
1692,123218,1.0,1,success,52,28.37594
1693,123263,1.0,1,success,45,28.386159
1694,123348,1.0,1,success,85,28.405354
1695,123417,1.0,1,success,69,28.422368
1696,123469,1.0,1,success,52,28.433699
1697,123553,1.0,1,success,84,28.453752
1698,123656,0.0,0,hole,103,28.476966
1699,123698,1.0,1,success,42,28.486445
1700,123782,1.0,1,success,84,28.505068
1701,123847,1.0,1,success,65,28.519743
1702,123879,1.0,1,success,32,28.526676
1703,123946,1.0,1,success,67,28.542038
1704,124006,1.0,1,success,60,28.555987
1705,124035,1.0,1,success,29,28.562552
1706,124087,1.0,1,success,52,28.574255
1707,124206,1.0,1,success,119,28.601819
1708,124302,1.0,1,success,96,28.623966
1709,124418,1.0,1,success,116,28.650393
1710,124452,1.0,1,success,34,28.657627
1711,124568,1.0,1,success,116,28.684824
1712,124678,1.0,1,success,110,28.708995
1713,124799,1.0,1,success,121,28.735797
1714,124853,1.0,1,success,54,28.748318
1715,124927,0.0,0,hole,74,28.766063
1716,124947,1.0,1,success,20,28.770626
1717,124998,1.0,1,success,51,28.782551
1718,125051,1.0,1,success,53,28.794504
1719,125147,1.0,1,success,96,28.816135
1720,125214,1.0,1,success,67,28.831965
1721,125292,1.0,1,success,78,28.849566
1722,125383,1.0,1,success,91,28.871121
1723,125449,1.0,1,success,66,28.886427
1724,125522,1.0,1,success,73,28.902858
1725,125580,1.0,1,success,58,28.915809
1726,125632,1.0,1,success,52,28.92743
1727,125662,1.0,1,success,30,28.93449
1728,125713,1.0,1,success,51,28.946116
1729,125749,1.0,1,success,36,28.954177
1730,125791,1.0,1,success,42,28.963463
1731,125912,1.0,1,success,121,28.990662
1732,126100,1.0,1,success,188,29.032616
1733,126176,1.0,1,success,76,29.050104
1734,126257,1.0,1,success,81,29.069082
1735,126316,0.0,0,hole,59,29.08194
1736,126439,1.0,1,success,123,29.109477
1737,126590,1.0,1,success,151,29.143715
1738,126642,1.0,1,success,52,29.155813
1739,126795,1.0,1,success,153,29.189502
1740,126967,1.0,1,success,172,29.227769
1741,127019,1.0,1,success,52,29.240077
1742,127076,1.0,1,success,57,29.252727
1743,127116,1.0,1,success,40,29.261955
1744,127316,0.0,0,timeout,200,29.307416
1745,127340,1.0,1,success,24,29.312905
1746,127488,1.0,1,success,148,29.345712
1747,127611,1.0,1,success,123,29.373669
1748,127668,1.0,1,success,57,29.385777
1749,127749,1.0,1,success,81,29.404733
1750,127817,1.0,1,success,68,29.420408
1751,127860,1.0,1,success,43,29.42949
1752,127937,1.0,1,success,77,29.447325
1753,128041,1.0,1,success,104,29.471854
1754,128089,1.0,1,success,48,29.482679
1755,128219,1.0,1,success,130,29.51159
1756,128320,1.0,1,success,101,29.534006
1757,128352,1.0,1,success,32,29.541146
1758,128461,1.0,1,success,109,29.566221
1759,128549,1.0,1,success,88,29.585811
1760,128724,1.0,1,success,175,29.625099
1761,128898,1.0,1,success,174,29.664392
1762,128994,1.0,1,success,96,29.686443
1763,129032,1.0,1,success,38,29.694906
1764,129096,1.0,1,success,64,29.708752
1765,129165,1.0,1,success,69,29.724546
1766,129365,0.0,0,timeout,200,29.770775
1767,129411,1.0,1,success,46,29.781038
1768,129518,1.0,1,success,107,29.805066
1769,129617,1.0,1,success,99,29.82751
1770,129812,1.0,1,success,195,29.929797
1771,129925,1.0,1,success,113,29.955849
1772,130020,1.0,1,success,95,29.977297
1773,130075,1.0,1,success,55,29.990743
1774,130127,1.0,1,success,52,30.00314
1775,130307,1.0,1,success,180,30.043862
1776,130402,1.0,1,success,95,30.068816
1777,130428,1.0,1,success,26,30.075715
1778,130616,0.0,0,hole,188,30.136731
1779,130718,1.0,1,success,102,30.166865
1780,130804,1.0,1,success,86,30.191952
1781,130937,0.0,0,hole,133,30.232394
1782,130970,1.0,1,success,33,30.242334
1783,131100,1.0,1,success,130,30.275861
1784,131146,1.0,1,success,46,30.289693
1785,131240,0.0,0,hole,94,30.311918
1786,131318,1.0,1,success,78,30.331797
1787,131375,1.0,1,success,57,30.34488
1788,131403,1.0,1,success,28,30.352323
1789,131435,1.0,1,success,32,30.365604
1790,131508,1.0,1,success,73,30.383841
1791,131583,0.0,0,hole,75,30.401865
1792,131609,0.0,0,hole,26,30.408472
1793,131678,1.0,1,success,69,30.425287
1794,131722,1.0,1,success,44,30.443786
1795,131817,1.0,1,success,95,30.466773
1796,131881,1.0,1,success,64,30.482701
1797,131997,1.0,1,success,116,30.511038
1798,132142,1.0,1,success,145,30.552534
1799,132194,1.0,1,success,52,30.564574
1800,132214,0.0,0,hole,20,30.569558
1801,132272,1.0,1,success,58,30.583928
1802,132329,1.0,1,success,57,30.598323
1803,132410,1.0,1,success,81,30.617604
1804,132501,1.0,1,success,91,30.640349
1805,132610,1.0,1,success,109,30.66662
1806,132707,1.0,1,success,97,30.699665
1807,132764,1.0,1,success,57,30.71345
1808,132825,1.0,1,success,61,30.72819
1809,132904,1.0,1,success,79,30.747514
1810,133009,1.0,1,success,105,30.774165
1811,133071,1.0,1,success,62,30.788341
1812,133217,0.0,0,hole,146,30.833765
1813,133323,1.0,1,success,106,30.859425
1814,133487,1.0,1,success,164,30.91254
1815,133598,1.0,1,success,111,30.949931
1816,133683,1.0,1,success,85,30.970844
1817,133769,1.0,1,success,86,30.992109
1818,133818,1.0,1,success,49,31.004316
1819,133853,0.0,0,hole,35,31.012806
1820,133993,0.0,0,hole,140,31.047905
1821,134045,1.0,1,success,52,31.061217
1822,134162,1.0,1,success,117,31.097386
1823,134201,1.0,1,success,39,31.107234
1824,134379,1.0,1,success,178,31.147544
1825,134417,1.0,1,success,38,31.15694
1826,134535,1.0,1,success,118,31.183815
1827,134564,1.0,1,success,29,31.190065
1828,134654,1.0,1,success,90,31.210855
1829,134745,1.0,1,success,91,31.23268
1830,134812,1.0,1,success,67,31.247823
1831,134941,1.0,1,success,129,31.276805
1832,135022,1.0,1,success,81,31.2955
1833,135099,1.0,1,success,77,31.312872
1834,135180,1.0,1,success,81,31.331198
1835,135259,1.0,1,success,79,31.348853
1836,135313,1.0,1,success,54,31.361412
1837,135439,1.0,1,success,126,31.389635
1838,135529,1.0,1,success,90,31.410155
1839,135645,1.0,1,success,116,31.436184
1840,135797,1.0,1,success,152,31.46945
1841,135867,1.0,1,success,70,31.486197
1842,136067,0.0,0,timeout,200,31.531526
1843,136115,1.0,1,success,48,31.542345
1844,136141,1.0,1,success,26,31.548415
1845,136174,1.0,1,success,33,31.555655
1846,136374,0.0,0,timeout,200,31.600793
1847,136421,1.0,1,success,47,31.611782
1848,136484,1.0,1,success,63,31.624995
1849,136557,1.0,1,success,73,31.643108
1850,136591,1.0,1,success,34,31.650576
1851,136735,1.0,1,success,144,31.682997
1852,136799,1.0,1,success,64,31.697897
1853,136857,1.0,1,success,58,31.711342
1854,136889,1.0,1,success,32,31.718634
1855,136966,1.0,1,success,77,31.735659
1856,137059,0.0,0,hole,93,31.756149
1857,137094,1.0,1,success,35,31.766071
1858,137132,1.0,1,success,38,31.774716
1859,137156,1.0,1,success,24,31.780419
1860,137198,1.0,1,success,42,31.790137
1861,137268,0.0,0,hole,70,31.80628
1862,137385,0.0,0,hole,117,31.832775
1863,137496,1.0,1,success,111,31.858056
1864,137556,0.0,0,hole,60,31.8715
1865,137618,1.0,1,success,62,31.886357
1866,137700,1.0,1,success,82,31.904869
1867,137733,0.0,0,hole,33,31.913057
1868,137784,0.0,0,hole,51,31.92397
1869,137796,0.0,0,hole,12,31.926711
1870,137907,1.0,1,success,111,31.952546
1871,137942,1.0,1,success,35,31.960308
1872,138021,1.0,1,success,79,31.978564
1873,138149,1.0,1,success,128,32.007664
1874,138176,1.0,1,success,27,32.013347
1875,138244,1.0,1,success,68,32.028393
1876,138348,1.0,1,success,104,32.051811
1877,138448,1.0,1,success,100,32.074264
1878,138484,1.0,1,success,36,32.08233
1879,138532,1.0,1,success,48,32.093946
1880,138602,1.0,1,success,70,32.1098
1881,138742,1.0,1,success,140,32.141988
1882,138817,1.0,1,success,75,32.159135
1883,138894,1.0,1,success,77,32.175919
1884,138941,1.0,1,success,47,32.186729
1885,139042,1.0,1,success,101,32.209238
1886,139087,1.0,1,success,45,32.219126
1887,139103,0.0,0,hole,16,32.222987
1888,139180,1.0,1,success,77,32.239983
1889,139224,1.0,1,success,44,32.251067
1890,139327,1.0,1,success,103,32.274369
1891,139411,1.0,1,success,84,32.294103
1892,139460,1.0,1,success,49,32.30525
1893,139586,1.0,1,success,126,32.334246
1894,139666,1.0,1,success,80,32.352283
1895,139866,0.0,0,timeout,200,32.396843
1896,139927,1.0,1,success,61,32.410243
1897,139998,1.0,1,success,71,32.426334
1898,140115,1.0,1,success,117,32.453363
1899,140196,1.0,1,success,81,32.471157
1900,140260,1.0,1,success,64,32.485621
1901,140305,1.0,1,success,45,32.497152
1902,140391,1.0,1,success,86,32.516844
1903,140520,1.0,1,success,129,32.548879
1904,140567,1.0,1,success,47,32.562013
1905,140633,1.0,1,success,66,32.578559
1906,140758,1.0,1,success,125,32.610274
1907,140879,1.0,1,success,121,32.638907
1908,140914,0.0,0,hole,35,32.661358
1909,140963,1.0,1,success,49,32.676474
1910,141019,1.0,1,success,56,32.690691
1911,141075,1.0,1,success,56,32.704473
1912,141161,1.0,1,success,86,32.727439
1913,141209,1.0,1,success,48,32.738921
1914,141252,1.0,1,success,43,32.748344
1915,141432,1.0,1,success,180,32.790829
1916,141500,1.0,1,success,68,32.805811
1917,141681,1.0,1,success,181,32.848166
1918,141736,1.0,1,success,55,32.860065
1919,141796,1.0,1,success,60,32.873327
1920,141870,1.0,1,success,74,32.889977
1921,141910,1.0,1,success,40,32.899863
1922,141942,1.0,1,success,32,32.90712
1923,141977,1.0,1,success,35,32.9154
1924,142132,1.0,1,success,155,32.950015
1925,142163,1.0,1,success,31,32.957406
1926,142226,1.0,1,success,63,32.972136
1927,142247,1.0,1,success,21,32.976579
1928,142361,1.0,1,success,114,33.001973
1929,142436,1.0,1,success,75,33.019204
1930,142636,0.0,0,timeout,200,33.064677
1931,142711,1.0,1,success,75,33.081632
1932,142795,1.0,1,success,84,33.100428
1933,142874,1.0,1,success,79,33.119142
1934,143074,0.0,0,timeout,200,33.163576
1935,143087,0.0,0,hole,13,33.166293
1936,143134,1.0,1,success,47,33.176872
1937,143170,1.0,1,success,36,33.185109
1938,143277,1.0,1,success,107,33.209145
1939,143420,1.0,1,success,143,33.240977
1940,143470,1.0,1,success,50,33.252111
1941,143584,1.0,1,success,114,33.278897
1942,143610,1.0,1,success,26,33.285517
1943,143658,1.0,1,success,48,33.296079
1944,143696,1.0,1,success,38,33.305041
1945,143747,1.0,1,success,51,33.317402
1946,143783,1.0,1,success,36,33.325425
1947,143896,0.0,0,hole,113,33.352862
1948,143990,1.0,1,success,94,33.374814
1949,144063,1.0,1,success,73,33.39175
1950,144164,1.0,1,success,101,33.41461
1951,144203,1.0,1,success,39,33.423679
1952,144341,1.0,1,success,138,33.45491
1953,144442,1.0,1,success,101,33.477536
1954,144463,1.0,1,success,21,33.482497
1955,144480,0.0,0,hole,17,33.486028
1956,144523,1.0,1,success,43,33.496255
1957,144547,0.0,0,hole,24,33.501896
1958,144583,1.0,1,success,36,33.510718
1959,144656,1.0,1,success,73,33.527225
1960,144695,1.0,1,success,39,33.53612
1961,144851,1.0,1,success,156,33.571831
1962,144896,1.0,1,success,45,33.581697
1963,144982,1.0,1,success,86,33.601181
1964,145055,1.0,1,success,73,33.617395
1965,145225,1.0,1,success,170,33.656355
1966,145379,1.0,1,success,154,33.691354
1967,145529,1.0,1,success,150,33.726
1968,145614,1.0,1,success,85,33.744871
1969,145814,0.0,0,timeout,200,33.791594
1970,145877,1.0,1,success,63,33.808932
1971,145945,1.0,1,success,68,33.825194
1972,146009,0.0,0,hole,64,33.845599
1973,146202,0.0,0,hole,193,33.91837
1974,146245,1.0,1,success,43,33.929194
1975,146295,1.0,1,success,50,33.940222
1976,146380,1.0,1,success,85,33.959426
1977,146420,1.0,1,success,40,33.969021
1978,146454,1.0,1,success,34,33.976813
1979,146530,0.0,0,hole,76,33.994587
1980,146574,1.0,1,success,44,34.004482
1981,146603,1.0,1,success,29,34.011119
1982,146727,1.0,1,success,124,34.039943
1983,146758,1.0,1,success,31,34.047523
1984,146790,1.0,1,success,32,34.054551
1985,146899,1.0,1,success,109,34.079678
1986,146924,1.0,1,success,25,34.085606
1987,146994,1.0,1,success,70,34.101454
1988,147152,1.0,1,success,158,34.13731
1989,147227,1.0,1,success,75,34.154442
1990,147250,1.0,1,success,23,34.159547
1991,147374,1.0,1,success,124,34.187329
1992,147431,1.0,1,success,57,34.200279
1993,147466,1.0,1,success,35,34.208207
1994,147550,1.0,1,success,84,34.227465
1995,147614,1.0,1,success,64,34.24204
1996,147700,1.0,1,success,86,34.260475
1997,147848,1.0,1,success,148,34.294922
1998,147987,1.0,1,success,139,34.326807
1999,148081,1.0,1,success,94,34.348082
2000,148158,1.0,1,success,77,34.364836
2001,148239,1.0,1,success,81,34.383243
2002,148317,1.0,1,success,78,34.401338
2003,148392,1.0,1,success,75,34.417455
2004,148446,1.0,1,success,54,34.429992
2005,148544,1.0,1,success,98,34.452101
2006,148615,1.0,1,success,71,34.468976
2007,148649,1.0,1,success,34,34.476553
2008,148730,1.0,1,success,81,34.494562
2009,148768,1.0,1,success,38,34.502985
2010,148899,1.0,1,success,131,34.533422
2011,148965,1.0,1,success,66,34.548438
2012,149031,1.0,1,success,66,34.563234
2013,149072,1.0,1,success,41,34.572207
2014,149126,1.0,1,success,54,34.585006
2015,149193,1.0,1,success,67,34.599863
2016,149308,0.0,0,hole,115,34.625368
2017,149366,1.0,1,success,58,34.638556
2018,149414,1.0,1,success,48,34.650016
2019,149522,1.0,1,success,108,34.675022
2020,149579,1.0,1,success,57,34.694062
2021,149668,1.0,1,success,89,34.765557
2022,149770,1.0,1,success,102,34.789953
2023,149897,1.0,1,success,127,34.818328
2024,149966,1.0,1,success,69,34.833632
2025,149980,0.0,0,hole,14,34.836616
2026,150058,1.0,1,success,78,34.855354
2027,150118,1.0,1,success,60,34.869076
2028,150318,0.0,0,timeout,200,34.913962
2029,150391,1.0,1,success,73,34.931215
2030,150484,1.0,1,success,93,34.951786
2031,150580,1.0,1,success,96,34.973272
2032,150614,1.0,1,success,34,34.981379
2033,150649,1.0,1,success,35,34.989259
2034,150700,1.0,1,success,51,35.000714
2035,150786,1.0,1,success,86,35.021157
2036,150866,1.0,1,success,80,35.038952
2037,150902,1.0,1,success,36,35.047846
2038,150988,1.0,1,success,86,35.067281
2039,151077,1.0,1,success,89,35.087915
2040,151155,1.0,1,success,78,35.105448
2041,151176,1.0,1,success,21,35.110029
2042,151267,0.0,0,hole,91,35.132689
2043,151442,0.0,0,hole,175,35.172304
2044,151471,1.0,1,success,29,35.178577
2045,151605,0.0,0,hole,134,35.209689
2046,151669,1.0,1,success,64,35.224448
2047,151777,1.0,1,success,108,35.248772
2048,151839,0.0,0,hole,62,35.262325
2049,151913,1.0,1,success,74,35.280094
2050,151986,1.0,1,success,73,35.296133
2051,152058,1.0,1,success,72,35.31231
2052,152142,1.0,1,success,84,35.332178
2053,152206,1.0,1,success,64,35.347358
2054,152280,1.0,1,success,74,35.36347
2055,152422,1.0,1,success,142,35.39576
2056,152488,1.0,1,success,66,35.409671
2057,152514,1.0,1,success,26,35.416424
2058,152572,1.0,1,success,58,35.429124
2059,152613,1.0,1,success,41,35.438895
2060,152741,1.0,1,success,128,35.467393
2061,152817,1.0,1,success,76,35.485968
2062,152841,1.0,1,success,24,35.491197
2063,153031,1.0,1,success,190,35.534692
2064,153083,1.0,1,success,52,35.546123
2065,153166,1.0,1,success,83,35.565413
2066,153232,1.0,1,success,66,35.580438
2067,153327,1.0,1,success,95,35.601591
2068,153387,1.0,1,success,60,35.615033
2069,153482,1.0,1,success,95,35.637143
2070,153511,1.0,1,success,29,35.644014
2071,153555,1.0,1,success,44,35.653884
2072,153614,1.0,1,success,59,35.667315
2073,153712,1.0,1,success,98,35.690248
2074,153844,0.0,0,hole,132,35.719649
2075,153933,0.0,0,hole,89,35.740538
2076,154003,1.0,1,success,70,35.756226
2077,154163,1.0,1,success,160,35.79379
2078,154227,1.0,1,success,64,35.808733
2079,154282,1.0,1,success,55,35.821219
2080,154343,1.0,1,success,61,35.834847
2081,154543,0.0,0,timeout,200,35.880941
2082,154592,1.0,1,success,49,35.891539
2083,154664,0.0,0,hole,72,35.908121
2084,154670,0.0,0,hole,6,35.909727
2085,154676,0.0,0,hole,6,35.910993
2086,154816,1.0,1,success,140,35.943449
2087,154881,0.0,0,hole,65,35.958173
2088,154919,1.0,1,success,38,35.96671
2089,155000,1.0,1,success,81,35.985149
2090,155078,1.0,1,success,78,36.003239
2091,155236,1.0,1,success,158,36.038397
2092,155290,1.0,1,success,54,36.050216
2093,155351,1.0,1,success,61,36.064236
2094,155473,1.0,1,success,122,36.092237
2095,155530,1.0,1,success,57,36.10513
2096,155700,1.0,1,success,170,36.142925
2097,155821,1.0,1,success,121,36.171059
2098,155889,1.0,1,success,68,36.186277
2099,155952,0.0,0,hole,63,36.199806
2100,156025,1.0,1,success,73,36.216803
2101,156165,1.0,1,success,140,36.248298
2102,156210,1.0,1,success,45,36.25818
2103,156235,0.0,0,hole,25,36.263607
2104,156287,1.0,1,success,52,36.274936
2105,156320,0.0,0,hole,33,36.283225
2106,156404,1.0,1,success,84,36.302468
2107,156530,1.0,1,success,126,36.331377
2108,156633,1.0,1,success,103,36.354723
2109,156692,1.0,1,success,59,36.367446
2110,156728,1.0,1,success,36,36.375586
2111,156790,1.0,1,success,62,36.389487
2112,156887,1.0,1,success,97,36.411071
2113,156935,1.0,1,success,48,36.422471
2114,156955,1.0,1,success,20,36.426884
2115,157018,1.0,1,success,63,36.441704
2116,157081,1.0,1,success,63,36.455944
2117,157281,0.0,0,timeout,200,36.501866
2118,157307,1.0,1,success,26,36.507588
2119,157477,1.0,1,success,170,36.546281
2120,157593,1.0,1,success,116,36.572228
2121,157689,1.0,1,success,96,36.593579
2122,157783,1.0,1,success,94,36.614583
2123,157830,1.0,1,success,47,36.625194
2124,157958,1.0,1,success,128,36.654168
2125,158000,1.0,1,success,42,36.663281
2126,158037,1.0,1,success,37,36.672144
2127,158149,1.0,1,success,112,36.698546
2128,158208,1.0,1,success,59,36.711339
2129,158292,0.0,0,hole,84,36.730447
2130,158354,1.0,1,success,62,36.745081
2131,158453,1.0,1,success,99,36.767336
2132,158495,1.0,1,success,42,36.777891
2133,158614,1.0,1,success,119,36.806036
2134,158670,1.0,1,success,56,36.818639
2135,158781,1.0,1,success,111,36.843724
2136,158822,1.0,1,success,41,36.852898
2137,158895,1.0,1,success,73,36.869209
2138,158928,1.0,1,success,33,36.876521
2139,159128,0.0,0,timeout,200,36.922227
2140,159213,1.0,1,success,85,36.942206
2141,159359,1.0,1,success,146,36.974909
2142,159431,1.0,1,success,72,36.991148
2143,159464,1.0,1,success,33,36.998353
2144,159497,1.0,1,success,33,37.006279
2145,159649,1.0,1,success,152,37.041021
2146,159724,1.0,1,success,75,37.057502
2147,159765,1.0,1,success,41,37.067128
2148,159913,1.0,1,success,148,37.1005
2149,160108,1.0,1,success,195,37.145132
2150,160156,1.0,1,success,48,37.155537
2151,160203,1.0,1,success,47,37.166733
2152,160274,1.0,1,success,71,37.182281
2153,160385,1.0,1,success,111,37.207677
2154,160434,0.0,0,hole,49,37.218703
2155,160470,1.0,1,success,36,37.226502
2156,160508,0.0,0,hole,38,37.235094
2157,160585,1.0,1,success,77,37.253231
2158,160623,1.0,1,success,38,37.261644
2159,160816,1.0,1,success,193,37.304936
2160,160842,0.0,0,hole,26,37.310749
2161,160969,1.0,1,success,127,37.339964
2162,160996,1.0,1,success,27,37.3459
2163,161057,1.0,1,success,61,37.359971
2164,161115,1.0,1,success,58,37.372669
2165,161220,1.0,1,success,105,37.396378
2166,161251,1.0,1,success,31,37.403323
2167,161443,1.0,1,success,192,37.446124
2168,161540,1.0,1,success,97,37.467395
2169,161593,1.0,1,success,53,37.480636
2170,161607,0.0,0,hole,14,37.483826
2171,161646,1.0,1,success,39,37.492452
2172,161656,0.0,0,hole,10,37.494309
2173,161699,1.0,1,success,43,37.504144
2174,161750,1.0,1,success,51,37.515996
2175,161795,1.0,1,success,45,37.525625
2176,161855,1.0,1,success,60,37.54008
2177,161899,1.0,1,success,44,37.550842
2178,161998,1.0,1,success,99,37.573537
2179,162099,1.0,1,success,101,37.596405
2180,162201,1.0,1,success,102,37.620075
2181,162310,1.0,1,success,109,37.644377
2182,162411,1.0,1,success,101,37.667108
2183,162529,1.0,1,success,118,37.694376
2184,162684,1.0,1,success,155,37.728241
2185,162743,0.0,0,hole,59,37.742273
2186,162808,1.0,1,success,65,37.757254
2187,162931,1.0,1,success,123,37.786253
2188,163027,1.0,1,success,96,37.80788
2189,163041,1.0,1,success,14,37.811365
2190,163076,1.0,1,success,35,37.81868
2191,163161,1.0,1,success,85,37.8386
2192,163255,1.0,1,success,94,37.859598
2193,163317,1.0,1,success,62,37.874361
2194,163337,1.0,1,success,20,37.878866
2195,163400,1.0,1,success,63,37.892407
2196,163445,1.0,1,success,45,37.904349
2197,163519,1.0,1,success,74,37.921077
2198,163555,1.0,1,success,36,37.92921
2199,163589,1.0,1,success,34,37.937125
2200,163680,1.0,1,success,91,37.957804
2201,163721,1.0,1,success,41,37.96799
2202,163765,1.0,1,success,44,37.977469
2203,163801,1.0,1,success,36,37.986161
2204,163842,1.0,1,success,41,37.99493
2205,163969,1.0,1,success,127,38.023822
2206,164145,1.0,1,success,176,38.063728
2207,164171,1.0,1,success,26,38.069118
2208,164221,0.0,0,hole,50,38.080528
2209,164297,1.0,1,success,76,38.147889
2210,164378,0.0,0,hole,81,38.176732
2211,164510,1.0,1,success,132,38.206756
2212,164595,0.0,0,hole,85,38.224943
2213,164628,1.0,1,success,33,38.232593
2214,164720,1.0,1,success,92,38.25366
2215,164800,1.0,1,success,80,38.271451
2216,164831,1.0,1,success,31,38.278787
2217,165031,0.0,0,timeout,200,38.325189
2218,165104,1.0,1,success,73,38.342995
2219,165186,1.0,1,success,82,38.36275
2220,165244,1.0,1,success,58,38.376161
2221,165335,1.0,1,success,91,38.397292
2222,165386,1.0,1,success,51,38.408585
2223,165448,1.0,1,success,62,38.422589
2224,165476,1.0,1,success,28,38.428657
2225,165611,1.0,1,success,135,38.460098
2226,165679,1.0,1,success,68,38.475138
2227,165730,0.0,0,hole,51,38.486773
2228,165815,1.0,1,success,85,38.506217
2229,165839,0.0,0,hole,24,38.511701
2230,165937,1.0,1,success,98,38.534341
2231,166010,1.0,1,success,73,38.551428
2232,166053,0.0,0,hole,43,38.56089
2233,166096,0.0,0,hole,43,38.570608
2234,166189,1.0,1,success,93,38.592002
2235,166340,1.0,1,success,151,38.625346
2236,166381,1.0,1,success,41,38.634511
2237,166440,0.0,0,hole,59,38.648043
2238,166504,1.0,1,success,64,38.663025
2239,166704,0.0,0,timeout,200,38.707846
2240,166798,1.0,1,success,94,38.729023
2241,166868,1.0,1,success,70,38.744744
2242,166922,1.0,1,success,54,38.757961
2243,167038,1.0,1,success,116,38.785379
2244,167097,1.0,1,success,59,38.798936
2245,167123,1.0,1,success,26,38.804824
2246,167205,1.0,1,success,82,38.824126
2247,167292,1.0,1,success,87,38.843059
2248,167409,1.0,1,success,117,38.869898
2249,167492,1.0,1,success,83,38.888189
2250,167599,1.0,1,success,107,38.912869
2251,167645,1.0,1,success,46,38.923488
2252,167714,1.0,1,success,69,38.939074
2253,167912,1.0,1,success,198,38.984369
2254,168112,0.0,0,timeout,200,39.028911
2255,168237,1.0,1,success,125,39.071749
2256,168266,1.0,1,success,29,39.077988
2257,168466,0.0,0,timeout,200,39.12524
2258,168521,1.0,1,success,55,39.138269
2259,168598,1.0,1,success,77,39.155602
2260,168798,0.0,0,timeout,200,39.200088
2261,168850,1.0,1,success,52,39.212074
2262,169031,1.0,1,success,181,39.253147
2263,169081,1.0,1,success,50,39.264459
2264,169235,0.0,0,hole,154,39.297892
2265,169322,1.0,1,success,87,39.318808
2266,169434,1.0,1,success,112,39.343934
2267,169508,1.0,1,success,74,39.361514
2268,169563,1.0,1,success,55,39.373678
2269,169597,1.0,1,success,34,39.381591
2270,169636,1.0,1,success,39,39.390113
2271,169686,1.0,1,success,50,39.401694
2272,169784,1.0,1,success,98,39.423228
2273,169883,1.0,1,success,99,39.445842
2274,169920,1.0,1,success,37,39.454393
2275,169969,1.0,1,success,49,39.465996
2276,170052,1.0,1,success,83,39.484218
2277,170098,1.0,1,success,46,39.494892
2278,170157,1.0,1,success,59,39.509275
2279,170222,1.0,1,success,65,39.524082
2280,170260,1.0,1,success,38,39.53208
2281,170293,1.0,1,success,33,39.53976
2282,170429,1.0,1,success,136,39.571585
2283,170499,1.0,1,success,70,39.58663
2284,170581,1.0,1,success,82,39.605253
2285,170627,0.0,0,hole,46,39.615651
2286,170705,1.0,1,success,78,39.633762
2287,170771,1.0,1,success,66,39.648113
2288,170844,1.0,1,success,73,39.664256
2289,170931,1.0,1,success,87,39.684882
2290,171049,1.0,1,success,118,39.711479
2291,171099,1.0,1,success,50,39.722628
2292,171147,1.0,1,success,48,39.733881
2293,171196,1.0,1,success,49,39.744648
2294,171267,0.0,0,hole,71,39.761491
2295,171332,1.0,1,success,65,39.776434
2296,171381,1.0,1,success,49,39.7888
2297,171430,1.0,1,success,49,39.800147
2298,171528,0.0,0,hole,98,39.822152
2299,171621,1.0,1,success,93,39.843553
2300,171698,1.0,1,success,77,39.860234
2301,171842,1.0,1,success,144,39.89263
2302,171884,0.0,0,hole,42,39.901733
2303,171932,1.0,1,success,48,39.912688
2304,172044,1.0,1,success,112,39.938323
2305,172086,1.0,1,success,42,39.94798
2306,172141,1.0,1,success,55,39.960375
2307,172207,1.0,1,success,66,39.975744
2308,172310,1.0,1,success,103,39.999373
2309,172434,1.0,1,success,124,40.027527
2310,172470,1.0,1,success,36,40.035677
2311,172524,1.0,1,success,54,40.047964
2312,172620,1.0,1,success,96,40.06928
2313,172688,1.0,1,success,68,40.084462
2314,172723,0.0,0,hole,35,40.092424
2315,172754,1.0,1,success,31,40.099546
2316,172799,0.0,0,hole,45,40.109349
2317,172871,1.0,1,success,72,40.126862
2318,172930,0.0,0,hole,59,40.141752
2319,172969,1.0,1,success,39,40.150758
2320,172999,1.0,1,success,30,40.157053
2321,173086,0.0,0,hole,87,40.178444
2322,173187,1.0,1,success,101,40.20173
2323,173277,1.0,1,success,90,40.222535
2324,173352,1.0,1,success,75,40.239304
2325,173504,1.0,1,success,152,40.27403
2326,173589,1.0,1,success,85,40.293117
2327,173658,1.0,1,success,69,40.309267
2328,173780,1.0,1,success,122,40.335863
2329,173881,1.0,1,success,101,40.359374
2330,173944,1.0,1,success,63,40.373628
2331,174032,1.0,1,success,88,40.393312
2332,174094,1.0,1,success,62,40.407402
2333,174183,1.0,1,success,89,40.42747
2334,174270,1.0,1,success,87,40.447312
2335,174332,1.0,1,success,62,40.460841
2336,174372,0.0,0,hole,40,40.469865
2337,174519,1.0,1,success,147,40.503775
2338,174709,1.0,1,success,190,40.546712
2339,174749,1.0,1,success,40,40.55538
2340,174803,1.0,1,success,54,40.567072
2341,174957,0.0,0,hole,154,40.603384
2342,175016,1.0,1,success,59,40.616487
2343,175043,0.0,0,hole,27,40.62258
2344,175086,1.0,1,success,43,40.632348
2345,175107,1.0,1,success,21,40.63744
2346,175159,1.0,1,success,52,40.649626
2347,175230,1.0,1,success,71,40.666804
2348,175295,1.0,1,success,65,40.681259
2349,175339,1.0,1,success,44,40.691503
2350,175414,1.0,1,success,75,40.709265
2351,175450,1.0,1,success,36,40.717679
2352,175530,1.0,1,success,80,40.736267
2353,175667,1.0,1,success,137,40.767956
2354,175727,0.0,0,hole,60,40.783764
2355,175839,1.0,1,success,112,40.809
2356,175866,1.0,1,success,27,40.815335
2357,175905,1.0,1,success,39,40.824484
2358,176059,1.0,1,success,154,40.859158
2359,176187,1.0,1,success,128,40.887634
2360,176296,1.0,1,success,109,40.911444
2361,176368,1.0,1,success,72,40.928376
2362,176418,1.0,1,success,50,40.940485
2363,176506,1.0,1,success,88,40.96062
2364,176580,1.0,1,success,74,40.977057
2365,176662,1.0,1,success,82,40.996934
2366,176751,1.0,1,success,89,41.01715
2367,176814,1.0,1,success,63,41.031367
2368,176917,1.0,1,success,103,41.054526
2369,177090,1.0,1,success,173,41.093471
2370,177158,1.0,1,success,68,41.108597
2371,177241,1.0,1,success,83,41.12748
2372,177346,1.0,1,success,105,41.151228
2373,177420,1.0,1,success,74,41.168121
2374,177436,0.0,0,hole,16,41.171601
2375,177537,1.0,1,success,101,41.195725
2376,177704,1.0,1,success,167,41.233258
2377,177744,1.0,1,success,40,41.24212
2378,177895,1.0,1,success,151,41.27634
2379,177973,0.0,0,hole,78,41.294394
2380,178042,0.0,0,hole,69,41.309853
2381,178087,1.0,1,success,45,41.320157
2382,178230,0.0,0,hole,143,41.353384
2383,178352,1.0,1,success,122,41.380921
2384,178422,1.0,1,success,70,41.397284
2385,178503,1.0,1,success,81,41.416385
2386,178602,1.0,1,success,99,41.438881
2387,178674,1.0,1,success,72,41.454567
2388,178750,1.0,1,success,76,41.471505
2389,178773,1.0,1,success,23,41.47667
2390,178818,1.0,1,success,45,41.487156
2391,178883,1.0,1,success,65,41.501691
2392,178953,1.0,1,success,70,41.517562
2393,178998,1.0,1,success,45,41.527393
2394,179130,1.0,1,success,132,41.558502
2395,179153,0.0,0,hole,23,41.563731
2396,179227,1.0,1,success,74,41.580735
2397,179313,1.0,1,success,86,41.602078
2398,179426,0.0,0,hole,113,41.627275
2399,179453,1.0,1,success,27,41.633314
2400,179550,1.0,1,success,97,41.655186
2401,179606,1.0,1,success,56,41.668257
2402,179671,1.0,1,success,65,41.682904
2403,179741,1.0,1,success,70,41.6991
2404,179774,1.0,1,success,33,41.706202
2405,179806,1.0,1,success,32,41.713727
2406,179859,1.0,1,success,53,41.72534
2407,179866,0.0,0,hole,7,41.72696
2408,179905,1.0,1,success,39,41.737773
2409,179946,1.0,1,success,41,41.748113
2410,180003,1.0,1,success,57,41.763672
2411,180036,1.0,1,success,33,41.771569
2412,180135,1.0,1,success,99,41.805392
2413,180251,1.0,1,success,116,41.836958
2414,180388,1.0,1,success,137,41.868678
2415,180411,1.0,1,success,23,41.874419
2416,180470,1.0,1,success,59,41.888186
2417,180562,1.0,1,success,92,41.909869
2418,180594,1.0,1,success,32,41.917658
2419,180650,1.0,1,success,56,41.93112
2420,180757,1.0,1,success,107,41.956494
2421,180812,1.0,1,success,55,41.969083
2422,180853,1.0,1,success,41,41.97896
2423,180886,1.0,1,success,33,41.98734
2424,180974,1.0,1,success,88,42.007741
2425,181049,0.0,0,hole,75,42.025151
2426,181207,0.0,0,hole,158,42.0607
2427,181259,1.0,1,success,52,42.072477
2428,181386,1.0,1,success,127,42.100846
2429,181475,1.0,1,success,89,42.120826
2430,181529,1.0,1,success,54,42.134208
2431,181576,1.0,1,success,47,42.144089
2432,181630,1.0,1,success,54,42.156822
2433,181691,1.0,1,success,61,42.170537
2434,181859,1.0,1,success,168,42.209811
2435,181938,1.0,1,success,79,42.228556
2436,182099,1.0,1,success,161,42.264029
2437,182278,1.0,1,success,179,42.304486
2438,182350,0.0,0,hole,72,42.320536
2439,182461,1.0,1,success,111,42.345347
2440,182534,1.0,1,success,73,42.362063
2441,182555,0.0,0,hole,21,42.366794
2442,182597,1.0,1,success,42,42.376203
2443,182711,1.0,1,success,114,42.403058
2444,182758,1.0,1,success,47,42.413518
2445,182816,1.0,1,success,58,42.426566
2446,182886,1.0,1,success,70,42.442584
2447,182953,1.0,1,success,67,42.457927
2448,183040,1.0,1,success,87,42.477323
2449,183080,1.0,1,success,40,42.486154
2450,183130,1.0,1,success,50,42.497939
2451,183176,1.0,1,success,46,42.50772
2452,183259,1.0,1,success,83,42.526461
2453,183312,1.0,1,success,53,42.53908
2454,183374,1.0,1,success,62,42.553209
2455,183433,1.0,1,success,59,42.566791
2456,183497,1.0,1,success,64,42.581234
2457,183587,1.0,1,success,90,42.603339
2458,183646,1.0,1,success,59,42.616755
2459,183683,1.0,1,success,37,42.62463
2460,183750,1.0,1,success,67,42.639959
2461,183876,1.0,1,success,126,42.668245
2462,183962,1.0,1,success,86,42.687814
2463,184124,1.0,1,success,162,42.723424
2464,184262,1.0,1,success,138,42.75443
2465,184375,1.0,1,success,113,42.780555
2466,184569,1.0,1,success,194,42.826718
2467,184769,0.0,0,timeout,200,42.870929
2468,184828,1.0,1,success,59,42.883845
2469,184921,1.0,1,success,93,42.905703
2470,184976,1.0,1,success,55,42.917462
2471,185102,1.0,1,success,126,42.945751
2472,185216,1.0,1,success,114,43.028772
2473,185238,1.0,1,success,22,43.03413
2474,185286,1.0,1,success,48,43.044888
2475,185413,1.0,1,success,127,43.074129
2476,185475,1.0,1,success,62,43.08752
2477,185576,1.0,1,success,101,43.110492
2478,185727,1.0,1,success,151,43.144457
2479,185835,1.0,1,success,108,43.16854
2480,185894,1.0,1,success,59,43.182071
2481,185956,0.0,0,hole,62,43.196925
2482,186021,1.0,1,success,65,43.212396
2483,186064,1.0,1,success,43,43.221601
2484,186164,1.0,1,success,100,43.243816
2485,186272,1.0,1,success,108,43.268285
2486,186341,1.0,1,success,69,43.284286
2487,186388,1.0,1,success,47,43.294074
2488,186466,1.0,1,success,78,43.311762
2489,186588,1.0,1,success,122,43.340979
2490,186623,0.0,0,hole,35,43.350325
2491,186724,0.0,0,hole,101,43.374152
2492,186866,0.0,0,hole,142,43.410354
2493,186913,0.0,0,hole,47,43.421559
2494,187001,1.0,1,success,88,43.441716
2495,187039,1.0,1,success,38,43.449992
2496,187107,1.0,1,success,68,43.465192
2497,187215,1.0,1,success,108,43.489924
2498,187248,0.0,0,hole,33,43.497059
2499,187448,0.0,0,timeout,200,43.541589
2500,187495,1.0,1,success,47,43.552652
2501,187624,1.0,1,success,129,43.581998
2502,187676,1.0,1,success,52,43.593457
2503,187729,1.0,1,success,53,43.606677
2504,187762,0.0,0,hole,33,43.614013
2505,187794,1.0,1,success,32,43.621292
2506,187886,1.0,1,success,92,43.642091
2507,187963,0.0,0,hole,77,43.659197
2508,188009,1.0,1,success,46,43.669897
2509,188062,1.0,1,success,53,43.682163
2510,188113,1.0,1,success,51,43.693647
2511,188171,1.0,1,success,58,43.706488
2512,188180,0.0,0,hole,9,43.708283
2513,188279,1.0,1,success,99,43.730885
2514,188382,1.0,1,success,103,43.754459
2515,188450,1.0,1,success,68,43.769713
2516,188577,1.0,1,success,127,43.799776
2517,188696,1.0,1,success,119,43.827217
2518,188739,1.0,1,success,43,43.837524
2519,188818,1.0,1,success,79,43.855237
2520,188888,1.0,1,success,70,43.870335
2521,188960,1.0,1,success,72,43.886553
2522,188985,1.0,1,success,25,43.892296
2523,189074,1.0,1,success,89,43.912687
2524,189136,1.0,1,success,62,43.926338
2525,189218,1.0,1,success,82,43.945376
2526,189297,1.0,1,success,79,43.963727
2527,189337,0.0,0,hole,40,43.97264
2528,189415,1.0,1,success,78,43.989876
2529,189566,0.0,0,hole,151,44.024595
2530,189605,1.0,1,success,39,44.033938
2531,189764,1.0,1,success,159,44.068677
2532,189827,1.0,1,success,63,44.08296
2533,190010,1.0,1,success,183,44.124561
2534,190038,1.0,1,success,28,44.130701
2535,190100,1.0,1,success,62,44.144731
2536,190162,0.0,0,hole,62,44.158745
2537,190190,0.0,0,hole,28,44.16491
2538,190273,0.0,0,hole,83,44.183589
2539,190321,1.0,1,success,48,44.194192
2540,190480,1.0,1,success,159,44.230245
2541,190512,1.0,1,success,32,44.237863
2542,190594,1.0,1,success,82,44.256569
2543,190681,1.0,1,success,87,44.276054
2544,190757,1.0,1,success,76,44.293261
2545,190957,0.0,0,timeout,200,44.337871
2546,191042,1.0,1,success,85,44.357736
2547,191242,0.0,0,timeout,200,44.402332
2548,191314,1.0,1,success,72,44.418611
2549,191359,1.0,1,success,45,44.428593
2550,191492,1.0,1,success,133,44.458086
2551,191562,1.0,1,success,70,44.473792
2552,191632,1.0,1,success,70,44.48953
2553,191670,1.0,1,success,38,44.498472
2554,191724,1.0,1,success,54,44.510261
2555,191805,1.0,1,success,81,44.529057
2556,191859,1.0,1,success,54,44.540534
2557,191946,1.0,1,success,87,44.560827
2558,191997,1.0,1,success,51,44.572387
2559,192037,0.0,0,hole,40,44.581688
2560,192179,1.0,1,success,142,44.613405
2561,192342,1.0,1,success,163,44.650424
2562,192419,1.0,1,success,77,44.667193
2563,192530,1.0,1,success,111,44.69196
2564,192602,1.0,1,success,72,44.707693
2565,192773,1.0,1,success,171,44.746574
2566,192853,1.0,1,success,80,44.764877
2567,192996,1.0,1,success,143,44.797617
2568,193023,0.0,0,hole,27,44.804158
2569,193118,1.0,1,success,95,44.826094
2570,193149,0.0,0,hole,31,44.833496
2571,193256,1.0,1,success,107,44.856908
2572,193296,1.0,1,success,40,44.865864
2573,193399,0.0,0,hole,103,44.889585
2574,193413,0.0,0,hole,14,44.893207
2575,193466,0.0,0,hole,53,44.904829
2576,193511,1.0,1,success,45,44.914979
2577,193538,1.0,1,success,27,44.921117
2578,193579,1.0,1,success,41,44.930561
2579,193688,1.0,1,success,109,44.954431
2580,193766,1.0,1,success,78,44.972494
2581,193843,0.0,0,hole,77,44.990245
2582,194043,0.0,0,timeout,200,45.037059
2583,194078,1.0,1,success,35,45.0447
2584,194131,1.0,1,success,53,45.056578
2585,194236,1.0,1,success,105,45.080064
2586,194246,0.0,0,hole,10,45.082586
2587,194272,1.0,1,success,26,45.087963
2588,194348,1.0,1,success,76,45.105214
2589,194387,1.0,1,success,39,45.114333
2590,194475,1.0,1,success,88,45.134304
2591,194613,1.0,1,success,138,45.167273
2592,194687,1.0,1,success,74,45.183225
2593,194745,0.0,0,hole,58,45.197275
2594,194901,1.0,1,success,156,45.233835
2595,194936,1.0,1,success,35,45.241088
2596,195045,0.0,0,hole,109,45.265988
2597,195094,1.0,1,success,49,45.27697
2598,195143,1.0,1,success,49,45.28832
2599,195174,1.0,1,success,31,45.29512
2600,195241,1.0,1,success,67,45.310502
2601,195271,1.0,1,success,30,45.316895
2602,195323,1.0,1,success,52,45.328673
2603,195405,1.0,1,success,82,45.347758
2604,195453,1.0,1,success,48,45.358247
2605,195497,1.0,1,success,44,45.368716
2606,195637,1.0,1,success,140,45.400796
2607,195720,1.0,1,success,83,45.419515
2608,195763,1.0,1,success,43,45.428978
2609,195871,1.0,1,success,108,45.453716
2610,195947,1.0,1,success,76,45.471058
2611,196038,1.0,1,success,91,45.491941
2612,196070,1.0,1,success,32,45.499134
2613,196125,1.0,1,success,55,45.511617
2614,196236,1.0,1,success,111,45.536751
2615,196380,1.0,1,success,144,45.568704
2616,196474,1.0,1,success,94,45.589787
2617,196582,1.0,1,success,108,45.614581
2618,196702,1.0,1,success,120,45.641508
2619,196759,1.0,1,success,57,45.654122
2620,196859,1.0,1,success,100,45.676206
2621,196987,1.0,1,success,128,45.705069
2622,197146,1.0,1,success,159,45.741135
2623,197154,0.0,0,hole,8,45.74285
2624,197216,1.0,1,success,62,45.756384
2625,197287,1.0,1,success,71,45.772464
2626,197403,1.0,1,success,116,45.800523
2627,197479,1.0,1,success,76,45.818061
2628,197665,1.0,1,success,186,45.85964
2629,197717,1.0,1,success,52,45.871625
2630,197794,1.0,1,success,77,45.888539
2631,197847,1.0,1,success,53,45.90066
2632,197911,1.0,1,success,64,45.915066
2633,197951,1.0,1,success,40,45.924184
2634,198052,1.0,1,success,101,45.947195
2635,198185,1.0,1,success,133,45.977594
2636,198325,1.0,1,success,140,46.008668
2637,198375,1.0,1,success,50,46.019875
2638,198486,1.0,1,success,111,46.045179
2639,198548,1.0,1,success,62,46.05885
2640,198687,1.0,1,success,139,46.089699
2641,198778,1.0,1,success,91,46.110141
2642,198860,1.0,1,success,82,46.128378
2643,198882,1.0,1,success,22,46.133586
2644,198955,1.0,1,success,73,46.149909
2645,199155,0.0,0,timeout,200,46.19632
2646,199202,1.0,1,success,47,46.20695
2647,199236,1.0,1,success,34,46.214385
2648,199280,1.0,1,success,44,46.224451
2649,199310,1.0,1,success,30,46.231811
2650,199510,0.0,0,timeout,200,46.276717
2651,199568,1.0,1,success,58,46.289275
2652,199654,1.0,1,success,86,46.308555
2653,199693,1.0,1,success,39,46.317478
2654,199816,1.0,1,success,123,46.344668
2655,199854,0.0,0,hole,38,46.353351
2656,199959,0.0,0,hole,105,46.376672
